Workbook

Sheet AV 1
B2: GUIA PORTAGE DE EDUCAÇÃO PRÉ-ESCOLAR
B4: Nome: | C4: ESTER BERNARDINO PEREIRA
B5: Idade: | C5: 2
B6: Avaliador: | C6: AVELINA
B7: Data da Avaliação: | C7: 46074
B9: * Nas tabelas abaixo, insira apenas SIM, NÃO, ÀS VEZES e NA (se Não Avaliado) QUE CONSTAM NA LISTA DE OPÇÕES DE CADA CÉLULA. Não digite texto algum, apenas selecione a opção da lista. Os totais e pontos são automáticos.
B10: Legendas: Sim (alcançou): 1 pto | N – Não - ainda não alcançou: 0 pto | AV - Às vezes: 0,5 ptos | NA: Não Avaliado | Total de Acertos = Pontuação Total. Não deixe espaços vazios. Se o item não foi avaliado, marque a opção NA.
B11: SOCIALIZAÇÃO | E11: LINGUAGEM | H11: COGNIÇÃO | K11: AUTOCUIDADOS | N11: DESENVOLVIMENTO MOTOR
B12: Socialização - 0 a 1 ano | C12: Sim/Não/Às vezes | D12: Ptos | E12: Linguagem – 0 a 1 anos | F12: Sim/Não/Às vezes | G12: Ptos | H12: Cognição – 0 a 1 ano | I12: Sim/Não/Às vezes | J12: Ptos | K12: Auto cuidados – 0 a 1 anos | L12: Sim/Não/Às vezes | M12: Ptos | N12: Desenvolvimento Motor – 0 a 1 ano | O12: Sim/Não/Às vezes | P12: Ptos
B13: 01 Observa uma pessoa movimentando-se em seu campo visual. | D13: =IF(C13="Sim",1,IF(C13="Não",0,IF(C13="Às vezes",0.5,"-"))) -> - | E13: 01 Repete sons emitidos por outras pessoas. | G13: =IF(F13="Sim",1,IF(F13="Não",0,IF(F13="Às vezes",0.5,"-"))) -> - | H13: 01 Remove um pano do rosto que obscureça sua visão. | J13: =IF(I13="Sim",1,IF(I13="Não",0,IF(I13="Às vezes",0.5,"-"))) -> - | K13: 01 Suga e deglute líquidos. | M13: =IF(L13="Sim",1,IF(L13="Não",0,IF(L13="Às vezes",0.5,"-"))) -> - | N13: 01 Alcança um objeto colocado à sua frente (15 a 20 cm.). | P13: =IF(O13="Sim",1,IF(O13="Não",0,IF(O13="Às vezes",0.5,"-"))) -> -
B14: 02 Sorri em resposta à atenção do adulto | D14: =IF(C14="Sim",1,IF(C14="Não",0,IF(C14="Às vezes",0.5,"-"))) -> - | E14: 02 Repete a mesma sílaba 2 a 3 vezes. | G14: =IF(F14="Sim",1,IF(F14="Não",0,IF(F14="Às vezes",0.5,"-"))) -> - | H14: 02 Procura com o olhar um objeto que foi tirado de seu campo visual. | J14: =IF(I14="Sim",1,IF(I14="Não",0,IF(I14="Às vezes",0.5,"-"))) -> - | K14: 02 Toma mingau / sopinha. | M14: =IF(L14="Sim",1,IF(L14="Não",0,IF(L14="Às vezes",0.5,"-"))) -> - | N14: 02 Apanha um objeto colocado à sua frente (8 cm.). | P14: =IF(O14="Sim",1,IF(O14="Não",0,IF(O14="Às vezes",0.5,"-"))) -> -
B15: 03 Vocaliza em resposta à atenção | D15: =IF(C15="Sim",1,IF(C15="Não",0,IF(C15="Às vezes",0.5,"-"))) -> - | E15: 03 Responde a gestos com gestos. | G15: =IF(F15="Sim",1,IF(F15="Não",0,IF(F15="Às vezes",0.5,"-"))) -> - | H15: 03 Remove um objeto de um recipiente colocando a mão dentro do mesmo | J15: =IF(I15="Sim",1,IF(I15="Não",0,IF(I15="Às vezes",0.5,"-"))) -> - | K15: 03 Estende as mãos em direção a mamadeira, tentando pegá-la | M15: =IF(L15="Sim",1,IF(L15="Não",0,IF(L15="Às vezes",0.5,"-"))) -> - | N15: 03 Estende os braços em direção a um objeto à sua frente e o apanha. | P15: =IF(O15="Sim",1,IF(O15="Não",0,IF(O15="Às vezes",0.5,"-"))) -> -
B16: 04 Olha para sua própria mão, sorrindo ou vocalizando | D16: =IF(C16="Sim",1,IF(C16="Não",0,IF(C16="Às vezes",0.5,"-"))) -> - | E16: 04 Obedece a uma ordem simples, quando acompanhada de gestos indicativos. | G16: =IF(F16="Sim",1,IF(F16="Não",0,IF(F16="Às vezes",0.5,"-"))) -> - | H16: 04 Coloca um objeto em um recipiente imitando um adulto. | J16: =IF(I16="Sim",1,IF(I16="Não",0,IF(I16="Às vezes",0.5,"-"))) -> - | K16: 04 Come alimentos liquidificados dados pelos pais. | M16: =IF(L16="Sim",1,IF(L16="Não",0,IF(L16="Às vezes",0.5,"-"))) -> - | N16: 04 Alcança um objeto preferido. | P16: =IF(O16="Sim",1,IF(O16="Não",0,IF(O16="Às vezes",0.5,"-"))) -> -
B17: 05 Responde a seu círculo familiar, sorrindo, vocalizando ou parando de chorar | D17: =IF(C17="Sim",1,IF(C17="Não",0,IF(C17="Às vezes",0.5,"-"))) -> - | E17: 05 Interrompe a atividade quando lhe dizem "Não" 75% das vezes. | G17: =IF(F17="Sim",1,IF(F17="Não",0,IF(F17="Às vezes",0.5,"-"))) -> - | H17: 05 Coloca um objeto em um recipiente quando recebe instruções. | J17: =IF(I17="Sim",1,IF(I17="Não",0,IF(I17="Às vezes",0.5,"-"))) -> - | K17: 05 Segura a mamadeira sem ajuda enquanto bebe. | M17: =IF(L17="Sim",1,IF(L17="Não",0,IF(L17="Às vezes",0.5,"-"))) -> - | N17: 05 Coloca objetos na boca. | P17: =IF(O17="Sim",1,IF(O17="Não",0,IF(O17="Às vezes",0.5,"-"))) -> -
B18: 06 Sorri em resposta à expressão facial dos outros. | D18: =IF(C18="Sim",1,IF(C18="Não",0,IF(C18="Às vezes",0.5,"-"))) -> - | E18: 06 Responde a perguntas simples com respostas não verbais. | G18: =IF(F18="Sim",1,IF(F18="Não",0,IF(F18="Às vezes",0.5,"-"))) -> - | H18: 06 Balança um brinquedo que produz som, pendurado em um barbante. | J18: =IF(I18="Sim",1,IF(I18="Não",0,IF(I18="Às vezes",0.5,"-"))) -> - | K18: 06 Leva a mamadeira até a boca ou a recusa, empurrando-a | M18: =IF(L18="Sim",1,IF(L18="Não",0,IF(L18="Às vezes",0.5,"-"))) -> - | N18: 06 Eleva a cabeça e o tronco apoiando-se nos braços, ao estar deitado de barriga para baixo. | P18: =IF(O18="Sim",1,IF(O18="Não",0,IF(O18="Às vezes",0.5,"-"))) -> -
B19: 07 Sorri e vocaliza ao ver sua imagem no espelho | D19: =IF(C19="Sim",1,IF(C19="Não",0,IF(C19="Às vezes",0.5,"-"))) -> - | E19: 07 Combina 2 sílabas diferentes quando tenta verbalizar. | G19: =IF(F19="Sim",1,IF(F19="Não",0,IF(F19="Às vezes",0.5,"-"))) -> - | H19: 07 Coloca três objetos em um recipiente e o esvazia. | J19: =IF(I19="Sim",1,IF(I19="Não",0,IF(I19="Às vezes",0.5,"-"))) -> - | K19: 07 Come alimentos amassados dados pelos pais. | M19: =IF(L19="Sim",1,IF(L19="Não",0,IF(L19="Às vezes",0.5,"-"))) -> - | N19: 07 Levanta a cabeça e o tronco apoiando-se em um só braço. | P19: =IF(O19="Sim",1,IF(O19="Não",0,IF(O19="Às vezes",0.5,"-"))) -> -
B20: 08 Acaricia ou toca no rosto de adultos (puxa cabelo, nariz, óculos, etc.). | D20: =IF(C20="Sim",1,IF(C20="Não",0,IF(C20="Às vezes",0.5,"-"))) -> - | E20: 08 Imita padrões de entonação da voz de outras pessoas. | G20: =IF(F20="Sim",1,IF(F20="Não",0,IF(F20="Às vezes",0.5,"-"))) -> - | H20: 08 Transfere um objeto de uma mão à outra para apanhar outro objeto. | J20: =IF(I20="Sim",1,IF(I20="Não",0,IF(I20="Às vezes",0.5,"-"))) -> - | K20: 08 Bebe em uma caneca, segurada pelos pais. | M20: =IF(L20="Sim",1,IF(L20="Não",0,IF(L20="Às vezes",0.5,"-"))) -> - | N20: 08 Toca e explora objetos com a boca. | P20: =IF(O20="Sim",1,IF(O20="Não",0,IF(O20="Às vezes",0.5,"-"))) -> -
B21: 09 Estende a mão em direção a um objeto oferecido. | D21: =IF(C21="Sim",1,IF(C21="Não",0,IF(C21="Às vezes",0.5,"-"))) -> - | E21: 09 Usa uma palavra funcionalmente para indicar objetos ou pessoas. | G21: =IF(F21="Sim",1,IF(F21="Não",0,IF(F21="Às vezes",0.5,"-"))) -> - | H21: 09 Deixa cair e apanha um brinquedo. | J21: =IF(I21="Sim",1,IF(I21="Não",0,IF(I21="Às vezes",0.5,"-"))) -> - | K21: 09 Come alimentos semissólidos dados pelos pais. | M21: =IF(L21="Sim",1,IF(L21="Não",0,IF(L21="Às vezes",0.5,"-"))) -> - | N21: 09 Em DV (decúbito ventral, de bruços), vira de lado e mantém esta posição ½ das vezes. | P21: =IF(O21="Sim",1,IF(O21="Não",0,IF(O21="Às vezes",0.5,"-"))) -> -
B22: 10 Estende os braços em direção a pessoas familiares | D22: =IF(C22="Sim",1,IF(C22="Não",0,IF(C22="Às vezes",0.5,"-"))) -> - | E22: 10 Vocaliza em resposta à fala de outras pessoas. | G22: =IF(F22="Sim",1,IF(F22="Não",0,IF(F22="Às vezes",0.5,"-"))) -> - | H22: 10 Descobre um objeto escondido sob um recipiente. | J22: =IF(I22="Sim",1,IF(I22="Não",0,IF(I22="Às vezes",0.5,"-"))) -> - | K22: 10 Alimenta-se sozinho usando os dedos. | M22: =IF(L22="Sim",1,IF(L22="Não",0,IF(L22="Às vezes",0.5,"-"))) -> - | N22: 10 Em DV, vira de costas. | P22: =IF(O22="Sim",1,IF(O22="Não",0,IF(O22="Às vezes",0.5,"-"))) -> -
B23: 11 Estende a mão e toca sua imagem refletida no espelho. | D23: =IF(C23="Sim",1,IF(C23="Não",0,IF(C23="Às vezes",0.5,"-"))) -> - | E23: Total de Acertos | F23: =SUM(G13:G22) -> 0 | H23: 11 Empurra 3 blocos como se fosse um comboio. | J23: =IF(I23="Sim",1,IF(I23="Não",0,IF(I23="Às vezes",0.5,"-"))) -> - | K23: 11 Segura a caneca com ambas as mãos e bebe. | M23: =IF(L23="Sim",1,IF(L23="Não",0,IF(L23="Às vezes",0.5,"-"))) -> - | N23: 11 Em DV, move-se para frente o equivalente à sua altura. | P23: =IF(O23="Sim",1,IF(O23="Não",0,IF(O23="Às vezes",0.5,"-"))) -> -
B24: 12 Segura e examina por 1 minuto um objeto que lhe foi dado. | D24: =IF(C24="Sim",1,IF(C24="Não",0,IF(C24="Às vezes",0.5,"-"))) -> - | E24: Linguagem – 1 a 2 anos | H24: 12 Remove um círculo de uma prancha, por imitação. | J24: =IF(I24="Sim",1,IF(I24="Não",0,IF(I24="Às vezes",0.5,"-"))) -> - | K24: 12 Leva a colher cheia de comida até a boca com ajuda. | M24: =IF(L24="Sim",1,IF(L24="Não",0,IF(L24="Às vezes",0.5,"-"))) -> - | N24: 12 Em DD (decúbito dorsal), rola para o lado. | P24: =IF(O24="Sim",1,IF(O24="Não",0,IF(O24="Às vezes",0.5,"-"))) -> -
B25: 13 Sacode ou aperta um objeto colocado em sua mão, produzindo sons involuntários. | D25: =IF(C25="Sim",1,IF(C25="Não",0,IF(C25="Às vezes",0.5,"-"))) -> - | E25: 11 Diz 5 palavras diferentes. | G25: =IF(F25="Sim",1,IF(F25="Não",0,IF(F25="Às vezes",0.5,"-"))) -> - | H25: 13 Coloca um pino redondo em uma prancha de pinos, quando solicitado. | J25: =IF(I25="Sim",1,IF(I25="Não",0,IF(I25="Às vezes",0.5,"-"))) -> - | K25: 13 Estica braços e pernas ao ser vestido. | M25: =IF(L25="Sim",1,IF(L25="Não",0,IF(L25="Às vezes",0.5,"-"))) -> - | N25: 13 Em DD, vira de barriga para baixo. | P25: =IF(O25="Sim",1,IF(O25="Não",0,IF(O25="Às vezes",0.5,"-"))) -> -
B26: 14 Brinca sozinho por 10 minutos. | D26: =IF(C26="Sim",1,IF(C26="Não",0,IF(C26="Às vezes",0.5,"-"))) -> - | E26: 12 Pede "mais". | G26: =IF(F26="Sim",1,IF(F26="Não",0,IF(F26="Às vezes",0.5,"-"))) -> - | H26: 14 Executa gestos simples quando requisitado. | J26: =IF(I26="Sim",1,IF(I26="Não",0,IF(I26="Às vezes",0.5,"-"))) -> - | K26: Total de Acertos | L26: =SUM(M13:M25) -> 0 | N26: 14 Faz esforço para sentar-se, segurando nos dedos do adulto. | P26: =IF(O26="Sim",1,IF(O26="Não",0,IF(O26="Às vezes",0.5,"-"))) -> -
B27: 15 Procura contato visual quando alguém lhe dá atenção por 2 a 3 minutos. | D27: =IF(C27="Sim",1,IF(C27="Não",0,IF(C27="Às vezes",0.5,"-"))) -> - | E27: 13 Diz "acabou". | G27: =IF(F27="Sim",1,IF(F27="Não",0,IF(F27="Às vezes",0.5,"-"))) -> - | H27: Total de Acertos | I27: =SUM(J13:J26) -> 0 | K27: Auto cuidados – 1 a 2 anos | N27: 15 Vira a cabeça com facilidade quando o corpo está apoiado. | P27: =IF(O27="Sim",1,IF(O27="Não",0,IF(O27="Às vezes",0.5,"-"))) -> -
B28: 16 Brinca sozinho sem reclamar por 15 a 20 minutos, próximo de um adulto. | D28: =IF(C28="Sim",1,IF(C28="Não",0,IF(C28="Às vezes",0.5,"-"))) -> - | E28: 14 Obedece a 3 ordens diferentes que não são acompanhadas de gestos indicativos. | G28: =IF(F28="Sim",1,IF(F28="Não",0,IF(F28="Às vezes",0.5,"-"))) -> - | H28: Cognição – 1 a 2 anos | K28: 14 Come com colher de modo independente. | M28: =IF(L28="Sim",1,IF(L28="Não",0,IF(L28="Às vezes",0.5,"-"))) -> - | N28: 16 Mantém-se sentado por 2 minutos. | P28: =IF(O28="Sim",1,IF(O28="Não",0,IF(O28="Às vezes",0.5,"-"))) -> -
B29: 17 Vocaliza para obter atenção | D29: =IF(C29="Sim",1,IF(C29="Não",0,IF(C29="Às vezes",0.5,"-"))) -> - | E29: 15 Consegue "dar" ou "mostrar" quando solicitado. | G29: =IF(F29="Sim",1,IF(F29="Não",0,IF(F29="Às vezes",0.5,"-"))) -> - | H29: 15 Retira 6 objetos de um recipiente, um por vez. | J29: =IF(I29="Sim",1,IF(I29="Não",0,IF(I29="Às vezes",0.5,"-"))) -> - | K29: 15 Segura a caneca com uma só mão e bebe. | M29: =IF(L29="Sim",1,IF(L29="Não",0,IF(L29="Às vezes",0.5,"-"))) -> - | N29: 17 Solta um objeto para apanhar outro. | P29: =IF(O29="Sim",1,IF(O29="Não",0,IF(O29="Às vezes",0.5,"-"))) -> -
B30: 18 Imita adulto em brincadeiras de esconde-esconde | D30: =IF(C30="Sim",1,IF(C30="Não",0,IF(C30="Às vezes",0.5,"-"))) -> - | E30: 16 Aponta para 12 objetos quando nomeados. | G30: =IF(F30="Sim",1,IF(F30="Não",0,IF(F30="Às vezes",0.5,"-"))) -> - | H30: 16 Aponta para uma parte do corpo. | J30: =IF(I30="Sim",1,IF(I30="Não",0,IF(I30="Às vezes",0.5,"-"))) -> - | K30: 16 Coloca a mão na água e dá tapinhas no rosto com as mãos molhadas, imitando alguém. | M30: =IF(L30="Sim",1,IF(L30="Não",0,IF(L30="Às vezes",0.5,"-"))) -> - | N30: 18 Apanha e deixa cair um objeto propositalmente. | P30: =IF(O30="Sim",1,IF(O30="Não",0,IF(O30="Às vezes",0.5,"-"))) -> -
B31: 19 Bate palmas, imitando um adulto | D31: =IF(C31="Sim",1,IF(C31="Não",0,IF(C31="Às vezes",0.5,"-"))) -> - | E31: 17 Aponta para 3 a 5 figuras em um livro. | G31: =IF(F31="Sim",1,IF(F31="Não",0,IF(F31="Às vezes",0.5,"-"))) -> - | H31: 17 Empilha 3 blocos, dada a ordem. | J31: =IF(I31="Sim",1,IF(I31="Não",0,IF(I31="Às vezes",0.5,"-"))) -> - | K31: 17 Senta-se em um piniquinho ou sanitário infantil por 5 min | M31: =IF(L31="Sim",1,IF(L31="Não",0,IF(L31="Às vezes",0.5,"-"))) -> - | N31: 19 Fica em pé com o máximo de apoio. | P31: =IF(O31="Sim",1,IF(O31="Não",0,IF(O31="Às vezes",0.5,"-"))) -> -
B32: 20 Acena a mão, imitando um adulto. | D32: =IF(C32="Sim",1,IF(C32="Não",0,IF(C32="Às vezes",0.5,"-"))) -> - | E32: 18 Aponta para 3 partes de seu próprio corpo. | G32: =IF(F32="Sim",1,IF(F32="Não",0,IF(F32="Às vezes",0.5,"-"))) -> - | H32: 18 Emparelha objetos semelhantes. | J32: =IF(I32="Sim",1,IF(I32="Não",0,IF(I32="Às vezes",0.5,"-"))) -> - | K32: 18 Coloca um chapéu na cabeça e o remove. | M32: =IF(L32="Sim",1,IF(L32="Não",0,IF(L32="Às vezes",0.5,"-"))) -> - | N32: 20 Estando em pé com apoio, pula para cima e para baixo. | P32: =IF(O32="Sim",1,IF(O32="Não",0,IF(O32="Às vezes",0.5,"-"))) -> -
B33: 21 Ergue os braços para expressar “grande”, imitando um adulto | D33: =IF(C33="Sim",1,IF(C33="Não",0,IF(C33="Às vezes",0.5,"-"))) -> - | E33: 19 Diz seu nome ou apelido quando solicitado. | G33: =IF(F33="Sim",1,IF(F33="Não",0,IF(F33="Às vezes",0.5,"-"))) -> - | H33: 19 Faz rabiscos no papel. | J33: =IF(I33="Sim",1,IF(I33="Não",0,IF(I33="Às vezes",0.5,"-"))) -> - | K33: 19 Tira as meias. | M33: =IF(L33="Sim",1,IF(L33="Não",0,IF(L33="Às vezes",0.5,"-"))) -> - | N33: 21 Engatinha para apanhar um objeto (distante a sua altura). | P33: =IF(O33="Sim",1,IF(O33="Não",0,IF(O33="Às vezes",0.5,"-"))) -> -
B34: 22 Oferece algo, mas nem sempre entrega. | D34: =IF(C34="Sim",1,IF(C34="Não",0,IF(C34="Às vezes",0.5,"-"))) -> - | E34: 20 Responde à pergunta "O que é isto?" | G34: =IF(F34="Sim",1,IF(F34="Não",0,IF(F34="Às vezes",0.5,"-"))) -> - | H34: 20 Aponta para si quando perguntam "Cadê o Fulano?" | J34: =IF(I34="Sim",1,IF(I34="Não",0,IF(I34="Às vezes",0.5,"-"))) -> - | K34: 20 Empurra os braços pelas mangas e os pés pelas pernas da calça. | M34: =IF(L34="Sim",1,IF(L34="Não",0,IF(L34="Às vezes",0.5,"-"))) -> - | N34: 22 Senta-se apoiando-se sozinho. | P34: =IF(O34="Sim",1,IF(O34="Não",0,IF(O34="Às vezes",0.5,"-"))) -> -
B35: 23 Abraça, acaricia e beija familiares. | D35: =IF(C35="Sim",1,IF(C35="Não",0,IF(C35="Às vezes",0.5,"-"))) -> - | E35: 21 Combina palavras e gestos para expressar desejos. | G35: =IF(F35="Sim",1,IF(F35="Não",0,IF(F35="Às vezes",0.5,"-"))) -> - | H35: 21 Coloca 5 pinos redondos, dada a ordem. | J35: =IF(I35="Sim",1,IF(I35="Não",0,IF(I35="Às vezes",0.5,"-"))) -> - | K35: 21 Tira os sapatos quando os cordões estiverem desamarrados | M35: =IF(L35="Sim",1,IF(L35="Não",0,IF(L35="Às vezes",0.5,"-"))) -> - | N35: 23 Estando sentado, vira de gatinhas. | P35: =IF(O35="Sim",1,IF(O35="Não",0,IF(O35="Às vezes",0.5,"-"))) -> -
B36: 24 Responde ao próprio nome, olhando ou estendendo o braço para ser pego. | D36: =IF(C36="Sim",1,IF(C36="Não",0,IF(C36="Às vezes",0.5,"-"))) -> - | E36: 22 Nomeia 5 membros da família, incluindo animais. | G36: =IF(F36="Sim",1,IF(F36="Não",0,IF(F36="Às vezes",0.5,"-"))) -> - | H36: 22 Emparelha objetos com a figura do mesmo nome. | J36: =IF(I36="Sim",1,IF(I36="Não",0,IF(I36="Às vezes",0.5,"-"))) -> - | K36: 22 Tira o casaco quando desabotoado. | M36: =IF(L36="Sim",1,IF(L36="Não",0,IF(L36="Às vezes",0.5,"-"))) -> - | N36: 24 Estando em DV consegue sentar-se. | P36: =IF(O36="Sim",1,IF(O36="Não",0,IF(O36="Às vezes",0.5,"-"))) -> -
B37: 25 Aperta ou sacode um brinquedo para produzir sons, em imitação. | D37: =IF(C37="Sim",1,IF(C37="Não",0,IF(C37="Às vezes",0.5,"-"))) -> - | E37: 23 Nomeia 4 brinquedos. | G37: =IF(F37="Sim",1,IF(F37="Não",0,IF(F37="Às vezes",0.5,"-"))) -> - | H37: 23 Aponta para a figura nomeada. | J37: =IF(I37="Sim",1,IF(I37="Não",0,IF(I37="Às vezes",0.5,"-"))) -> - | K37: 23 Tira a calça quando desabotoada. | M37: =IF(L37="Sim",1,IF(L37="Não",0,IF(L37="Às vezes",0.5,"-"))) -> - | N37: 25 Senta-se sem o apoio das mãos. | P37: =IF(O37="Sim",1,IF(O37="Não",0,IF(O37="Às vezes",0.5,"-"))) -> -
B38: 26 Manipula brinquedo ou objeto. | D38: =IF(C38="Sim",1,IF(C38="Não",0,IF(C38="Às vezes",0.5,"-"))) -> - | E38: 24 Produz sons de animais, ou os nomeia pelo som | G38: =IF(F38="Sim",1,IF(F38="Não",0,IF(F38="Às vezes",0.5,"-"))) -> - | H38: 24 Vira as páginas de um livro (2/3 por vez) para encontrar a figura nomeada. | J38: =IF(I38="Sim",1,IF(I38="Não",0,IF(I38="Às vezes",0.5,"-"))) -> - | K38: 24 Puxa um fecho grande para cima e para baixo. | M38: =IF(L38="Sim",1,IF(L38="Não",0,IF(L38="Às vezes",0.5,"-"))) -> - | N38: 26 Atira objetos ao acaso. | P38: =IF(O38="Sim",1,IF(O38="Não",0,IF(O38="Às vezes",0.5,"-"))) -> -
B39: 27 Estende um brinquedo ou objeto a um adulto e o entrega. | D39: =IF(C39="Sim",1,IF(C39="Não",0,IF(C39="Às vezes",0.5,"-"))) -> - | E39: 25 Pede alimentos conhecidos pelo nome, quando mostrados. | G39: =IF(F39="Sim",1,IF(F39="Não",0,IF(F39="Às vezes",0.5,"-"))) -> - | H39: Total de Acertos | I39: =SUM(J29:J38) -> 0 | K39: 25 Utiliza palavras ou gestos indicando necessidade de ir ao banheiro. | M39: =IF(L39="Sim",1,IF(L39="Não",0,IF(L39="Às vezes",0.5,"-"))) -> - | N39: 27 Balança para frente e para trás quando de gatinhas. | P39: =IF(O39="Sim",1,IF(O39="Não",0,IF(O39="Às vezes",0.5,"-"))) -> -
B40: 28 Imita movimentos de outras crianças ao brincar. | D40: =IF(C40="Sim",1,IF(C40="Não",0,IF(C40="Às vezes",0.5,"-"))) -> - | E40: 26 Faz perguntas variando a entonação da voz | G40: =IF(F40="Sim",1,IF(F40="Não",0,IF(F40="Às vezes",0.5,"-"))) -> - | H40: Cognição – 2 a 3 anos | K40: Total de Acertos | L40: =SUM(M28:M39) -> 0 | N40: 28 Transfere objetos de uma mão para outra quando sentado. | P40: =IF(O40="Sim",1,IF(O40="Não",0,IF(O40="Às vezes",0.5,"-"))) -> -
B41: Total de Acertos | C41: =SUM(D13:D40) -> 0 | E41: 27 Nomeia 3 partes do corpo em uma boneca ou outra pessoa. | G41: =IF(F41="Sim",1,IF(F41="Não",0,IF(F41="Às vezes",0.5,"-"))) -> - | H41: 25 Encontra determinado livro quando solicitado. | J41: =IF(I41="Sim",1,IF(I41="Não",0,IF(I41="Às vezes",0.5,"-"))) -> - | K41: Auto cuidados – 2 a 3 anos | N41: 29 Retém em uma das mãos 2 cubos de 2,5 cm. | P41: =IF(O41="Sim",1,IF(O41="Não",0,IF(O41="Às vezes",0.5,"-"))) -> -
B42: Socialização – 1 a 2 anos | C42: Sim/Não/Às vezes | D42: Ptos | E42: 28 Responde a perguntas de sim / não. | G42: =IF(F42="Sim",1,IF(F42="Não",0,IF(F42="Às vezes",0.5,"-"))) -> - | H42: 26 Completa um quebra-cabeça de encaixe de 3 peças. | J42: =IF(I42="Sim",1,IF(I42="Não",0,IF(I42="Às vezes",0.5,"-"))) -> - | K42: 26 Alimenta-se sozinho usando colher ou caneca, derrubando um pouco de comida ou derramando pouco líquido. | L42: Sim | M42: =IF(L42="Sim",1,IF(L42="Não",0,IF(L42="Às vezes",0.5,"-"))) -> 1 | N42: 30 Fica de joelhos. | P42: =IF(O42="Sim",1,IF(O42="Não",0,IF(O42="Às vezes",0.5,"-"))) -> -
B43: 29 Imita um adulto em uma tarefa simples. | D43: =IF(C43="Sim",1,IF(C43="Não",0,IF(C43="Às vezes",0.5,"-"))) -> - | E43: Total de Acertos | F43: =SUM(G25:G42) -> 0 | H43: 27 Nomeia 4 objetos comuns em figuras. | J43: =IF(I43="Sim",1,IF(I43="Não",0,IF(I43="Às vezes",0.5,"-"))) -> - | K43: 27 Quando recebe uma toalha enxuga as mãos e o rosto com ajuda | L43: Sim | M43: =IF(L43="Sim",1,IF(L43="Não",0,IF(L43="Às vezes",0.5,"-"))) -> 1 | N43: 31 Fica em pé, apoiando-se em algo. | P43: =IF(O43="Sim",1,IF(O43="Não",0,IF(O43="Às vezes",0.5,"-"))) -> -
B44: 30 Brinca ao lado de outra criança, cada uma realizando tarefas diferentes. | D44: =IF(C44="Sim",1,IF(C44="Não",0,IF(C44="Às vezes",0.5,"-"))) -> - | E44: Linguagem – 2 a 3 anos | H44: 28 Desenha uma linha vertical imitando um adulto. | J44: =IF(I44="Sim",1,IF(I44="Não",0,IF(I44="Às vezes",0.5,"-"))) -> - | K44: 28 Suga líquido do copo ou caneca usando canudinho. | L44: Sim | M44: =IF(L44="Sim",1,IF(L44="Não",0,IF(L44="Às vezes",0.5,"-"))) -> 1 | N44: 32 Usa preensão de pinça para pegar objetos. | P44: =IF(O44="Sim",1,IF(O44="Não",0,IF(O44="Às vezes",0.5,"-"))) -> -
B45: 31 Toma parte em uma brincadeira com outra criança por 2 a 5 minutos. | D45: =IF(C45="Sim",1,IF(C45="Não",0,IF(C45="Às vezes",0.5,"-"))) -> - | E45: 29 Combina substantivos ou adjetivos e substantivos em frases de 2 palavras. | G45: =IF(F45="Sim",1,IF(F45="Não",0,IF(F45="Às vezes",0.5,"-"))) -> - | H45: 29 Desenha uma linha horizontal imitando um adulto. | J45: =IF(I45="Sim",1,IF(I45="Não",0,IF(I45="Às vezes",0.5,"-"))) -> - | K45: 29 Dá garfadas. | L45: Sim | M45: =IF(L45="Sim",1,IF(L45="Não",0,IF(L45="Às vezes",0.5,"-"))) -> 1 | N45: 33 Engatinha. | P45: =IF(O45="Sim",1,IF(O45="Não",0,IF(O45="Às vezes",0.5,"-"))) -> -
B46: 32 Aceita a ausência dos pais, embora possa reclamar. | D46: =IF(C46="Sim",1,IF(C46="Não",0,IF(C46="Às vezes",0.5,"-"))) -> - | E46: 30 Combina substantivo e verbo em frases de 2 palavras | G46: =IF(F46="Sim",1,IF(F46="Não",0,IF(F46="Às vezes",0.5,"-"))) -> - | H46: 30 Copia um círculo. | J46: =IF(I46="Sim",1,IF(I46="Não",0,IF(I46="Às vezes",0.5,"-"))) -> - | K46: 30 Mastiga e engole apenas substâncias comestíveis. | L46: Sim | M46: =IF(L46="Sim",1,IF(L46="Não",0,IF(L46="Às vezes",0.5,"-"))) -> 1 | N46: 34 Estando de gatinhas, estende uma das mãos para o alto. | P46: =IF(O46="Sim",1,IF(O46="Não",0,IF(O46="Às vezes",0.5,"-"))) -> -
B47: 33 Explora ativamente seu meio ambiente. | D47: =IF(C47="Sim",1,IF(C47="Não",0,IF(C47="Às vezes",0.5,"-"))) -> - | E47: 31 Usa uma palavra para indicar que quer ir ao banheiro | G47: =IF(F47="Sim",1,IF(F47="Não",0,IF(F47="Às vezes",0.5,"-"))) -> - | H47: 31 Emparelha objetos com a mesma textura. | J47: =IF(I47="Sim",1,IF(I47="Não",0,IF(I47="Às vezes",0.5,"-"))) -> - | K47: 31 Enxuga as mãos sem ajuda ao lhe darem uma toalha | L47: Sim | M47: =IF(L47="Sim",1,IF(L47="Não",0,IF(L47="Às vezes",0.5,"-"))) -> 1 | N47: 35 Fica em pé com o mínimo de apoio. | P47: =IF(O47="Sim",1,IF(O47="Não",0,IF(O47="Às vezes",0.5,"-"))) -> -
B48: 34 Realiza atividade manipulativa com outra pessoa. | D48: =IF(C48="Sim",1,IF(C48="Não",0,IF(C48="Às vezes",0.5,"-"))) -> - | E48: 32 Combina verbo ou substantivo com "lá" e "aqui" em frases de 2 palavras. | G48: =IF(F48="Sim",1,IF(F48="Não",0,IF(F48="Às vezes",0.5,"-"))) -> - | H48: 32 Aponta o "pequeno" e o "grande" quando solicitado. | J48: =IF(I48="Sim",1,IF(I48="Não",0,IF(I48="Às vezes",0.5,"-"))) -> - | K48: 32 Avisa que quer ir ao banheiro, mesmo sendo tarde demais. | L48: Sim | M48: =IF(L48="Sim",1,IF(L48="Não",0,IF(L48="Às vezes",0.5,"-"))) -> 1 | N48: 36 Lambe a comida ao redor da boca. | P48: =IF(O48="Sim",1,IF(O48="Não",0,IF(O48="Às vezes",0.5,"-"))) -> -
B49: 35 Abraça e carrega uma boneca ou brinquedo macio. | D49: =IF(C49="Sim",1,IF(C49="Não",0,IF(C49="Às vezes",0.5,"-"))) -> - | E49: 33 Combina 2 palavras para expressar posse. | G49: =IF(F49="Sim",1,IF(F49="Não",0,IF(F49="Às vezes",0.5,"-"))) -> - | H49: 33 Desenha (+) imitando um adulto. | J49: =IF(I49="Sim",1,IF(I49="Não",0,IF(I49="Às vezes",0.5,"-"))) -> - | K49: 33 Controla sua baba. | L49: Sim | M49: =IF(L49="Sim",1,IF(L49="Não",0,IF(L49="Às vezes",0.5,"-"))) -> 1 | N49: 37 Mantém-se em pé sozinho por um minuto. | P49: =IF(O49="Sim",1,IF(O49="Não",0,IF(O49="Às vezes",0.5,"-"))) -> -
B50: 36 Repete ações que produzem risos e atenção. | D50: =IF(C50="Sim",1,IF(C50="Não",0,IF(C50="Às vezes",0.5,"-"))) -> - | E50: 34 Emprega "não" na fala | G50: =IF(F50="Sim",1,IF(F50="Não",0,IF(F50="Às vezes",0.5,"-"))) -> - | H50: 34 Emparelha 3 cores. | J50: =IF(I50="Sim",1,IF(I50="Não",0,IF(I50="Às vezes",0.5,"-"))) -> - | K50: 34 Urina ou defeca quando colocado no piniquinho pelo menos 3 vezes por semana. | L50: Não | M50: =IF(L50="Sim",1,IF(L50="Não",0,IF(L50="Às vezes",0.5,"-"))) -> 0 | N50: 38 Derruba um objeto que está dentro de um recipiente. | P50: =IF(O50="Sim",1,IF(O50="Não",0,IF(O50="Às vezes",0.5,"-"))) -> -
B51: 37 Dá um livro para que um adulto o leia ou para que ambos o compartilhem. | D51: =IF(C51="Sim",1,IF(C51="Não",0,IF(C51="Às vezes",0.5,"-"))) -> - | E51: 35 Responde à pergunta "O que .... está fazendo?" para atividade habituais. | G51: =IF(F51="Sim",1,IF(F51="Não",0,IF(F51="Às vezes",0.5,"-"))) -> - | H51: 35 Coloca objetos dentro, em cima e em baixo de um recipiente, dada a ordem. | J51: =IF(I51="Sim",1,IF(I51="Não",0,IF(I51="Às vezes",0.5,"-"))) -> - | K51: 35 Calça os sapatos. | L51: Sim | M51: =IF(L51="Sim",1,IF(L51="Não",0,IF(L51="Às vezes",0.5,"-"))) -> 1 | N51: 39 Vira várias páginas de um livro ao mesmo tempo. | P51: =IF(O51="Sim",1,IF(O51="Não",0,IF(O51="Às vezes",0.5,"-"))) -> -
B52: 38 Puxa uma pessoa a mostrar-lhe algo. | D52: =IF(C52="Sim",1,IF(C52="Não",0,IF(C52="Às vezes",0.5,"-"))) -> - | E52: 36 Responde a perguntas tipo "Onde está objeto?" | G52: =IF(F52="Sim",1,IF(F52="Não",0,IF(F52="Às vezes",0.5,"-"))) -> - | H52: 36 Nomeia objetos quando ouve o barulho que fazem. | J52: =IF(I52="Sim",1,IF(I52="Não",0,IF(I52="Às vezes",0.5,"-"))) -> - | K52: 36 Escova os dentes imitando um adulto. | L52: Sim | M52: =IF(L52="Sim",1,IF(L52="Não",0,IF(L52="Às vezes",0.5,"-"))) -> 1 | N52: 40 Escava com uma colher ou pá. | P52: =IF(O52="Sim",1,IF(O52="Não",0,IF(O52="Às vezes",0.5,"-"))) -> -
B53: 39 Retira a mão ou diz "não" quando está próximo de um objeto não permitido e alguém o lembra disto. | D53: =IF(C53="Sim",1,IF(C53="Não",0,IF(C53="Às vezes",0.5,"-"))) -> - | E53: 37 Nomeia sons ambientais familiares. | G53: =IF(F53="Sim",1,IF(F53="Não",0,IF(F53="Às vezes",0.5,"-"))) -> - | H53: 37 Monta um brinquedo de encaixe de 4 peças. | J53: =IF(I53="Sim",1,IF(I53="Não",0,IF(I53="Às vezes",0.5,"-"))) -> - | K53: 37 Retira roupas simples que foram desabotoadas. | L53: Sim | M53: =IF(L53="Sim",1,IF(L53="Não",0,IF(L53="Às vezes",0.5,"-"))) -> 1 | N53: 41 Coloca pequenos objetos dentro do recipiente. | P53: =IF(O53="Sim",1,IF(O53="Não",0,IF(O53="Às vezes",0.5,"-"))) -> -
B54: 40 Quando colocado em sua cadeira ou trocador espera ser atendido. | D54: =IF(C54="Sim",1,IF(C54="Não",0,IF(C54="Às vezes",0.5,"-"))) -> - | E54: 38 Dá mais de um objeto quando se usa a forma plural na solicitação. | G54: =IF(F54="Sim",1,IF(F54="Não",0,IF(F54="Às vezes",0.5,"-"))) -> - | H54: 38 Nomeia ações em figuras ("O que ... está fazendo?"). | J54: =IF(I54="Sim",1,IF(I54="Não",0,IF(I54="Às vezes",0.5,"-"))) -> - | K54: 38 Usa o banheiro para defecar (falha apenas 1x por semana). | L54: Não | M54: =IF(L54="Sim",1,IF(L54="Não",0,IF(L54="Às vezes",0.5,"-"))) -> 0 | N54: 42 Estando de pé, abaixa-se e senta. | P54: =IF(O54="Sim",1,IF(O54="Não",0,IF(O54="Às vezes",0.5,"-"))) -> -
B55: 41 Brinca com 2 ou 3 crianças da sua idade. | D55: =IF(C55="Sim",1,IF(C55="Não",0,IF(C55="Às vezes",0.5,"-"))) -> - | E55: 39 Ao falar, refere-se a si próprio pelo nome. | G55: =IF(F55="Sim",1,IF(F55="Não",0,IF(F55="Às vezes",0.5,"-"))) -> - | H55: 39 Emparelha forma geométrica com a figura da mesma. | J55: =IF(I55="Sim",1,IF(I55="Não",0,IF(I55="Às vezes",0.5,"-"))) -> - | K55: 39 Obtém água de uma torneira sem ajuda. | L55: Sim | M55: =IF(L55="Sim",1,IF(L55="Não",0,IF(L55="Às vezes",0.5,"-"))) -> 1 | N55: 43 Bate palmas. | P55: =IF(O55="Sim",1,IF(O55="Não",0,IF(O55="Às vezes",0.5,"-"))) -> -
B56: 42 Compartilha um objeto ou alimento com outra criança. | D56: =IF(C56="Sim",1,IF(C56="Não",0,IF(C56="Às vezes",0.5,"-"))) -> - | E56: 40 Aponta para figuras de objetos comuns descritos pelo uso (até 10) ("O que se usa pra comer? = colher") | G56: =IF(F56="Sim",1,IF(F56="Não",0,IF(F56="Às vezes",0.5,"-"))) -> - | H56: 40 Empilha 5 ou mais argolas em uma vara na ordem. | J56: =IF(I56="Sim",1,IF(I56="Não",0,IF(I56="Às vezes",0.5,"-"))) -> - | K56: 40 Lava as mãos e o rosto com um sabonete. | L56: Sim | M56: =IF(L56="Sim",1,IF(L56="Não",0,IF(L56="Às vezes",0.5,"-"))) -> 1 | N56: 44 Anda com um mínimo de apoio. | P56: =IF(O56="Sim",1,IF(O56="Não",0,IF(O56="Às vezes",0.5,"-"))) -> -
B57: 43 Cumprimenta colegas ou adultos quando lembrado. | D57: =IF(C57="Sim",1,IF(C57="Não",0,IF(C57="Às vezes",0.5,"-"))) -> - | E57: 41 Mostra a idade pelos dedos. | G57: =IF(F57="Sim",1,IF(F57="Não",0,IF(F57="Às vezes",0.5,"-"))) -> - | H57: Total de Acertos | I57: =SUM(J41:J56) -> 0 | K57: 41 Avisa que quer ir ao banheiro durante o dia a tempo. | L57: Não | M57: =IF(L57="Sim",1,IF(L57="Não",0,IF(L57="Às vezes",0.5,"-"))) -> 0 | N57: 45 Dá alguns passos sem apoio. | P57: =IF(O57="Sim",1,IF(O57="Não",0,IF(O57="Às vezes",0.5,"-"))) -> -
B58: Total de Acertos | C58: =SUM(D43:D57) -> 0 | E58: 42 Diz seu sexo quando solicitado. | G58: =IF(F58="Sim",1,IF(F58="Não",0,IF(F58="Às vezes",0.5,"-"))) -> - | H58: Cognição – 3 a 4 anos | K58: 42 Pendura o casaco em um gancho da sua altura. | L58: Sim | M58: =IF(L58="Sim",1,IF(L58="Não",0,IF(L58="Às vezes",0.5,"-"))) -> 1 | N58: Total de Acertos | O58: =SUM(P13:P57) -> 0
B59: Socialização – 2 a 3 anos | C59: Sim/Não/Às vezes | D59: Ptos | E59: 43 Obedece à seqüência de duas ordens relacionadas. | G59: =IF(F59="Sim",1,IF(F59="Não",0,IF(F59="Às vezes",0.5,"-"))) -> - | H59: 41 Nomeia objetos como sendo grandes ou pequenos. | J59: =IF(I59="Sim",1,IF(I59="Não",0,IF(I59="Às vezes",0.5,"-"))) -> - | K59: 43 Permanece seco ao dormir durante o dia. | L59: Sim | M59: =IF(L59="Sim",1,IF(L59="Não",0,IF(L59="Às vezes",0.5,"-"))) -> 1 | N59: Desenvolvimento Motor – 1 a 2 anos
B60: 44 Obedece às ordens dos pais pelo menos ½ das vezes. | D60: =IF(C60="Sim",1,IF(C60="Não",0,IF(C60="Às vezes",0.5,"-"))) -> - | E60: 44 Usa a forma do verbo no gerúndio. | G60: =IF(F60="Sim",1,IF(F60="Não",0,IF(F60="Às vezes",0.5,"-"))) -> - | H60: 42 Aponta para 10 partes do corpo quando requisitado. | J60: =IF(I60="Sim",1,IF(I60="Não",0,IF(I60="Às vezes",0.5,"-"))) -> - | K60: 44 Evita riscos, por ex: pontas em móveis e escadas sem corrimão. | L60: Sim | M60: =IF(L60="Sim",1,IF(L60="Não",0,IF(L60="Às vezes",0.5,"-"))) -> 1 | N60: 46 Sobe escadas engatinhando. | P60: =IF(O60="Sim",1,IF(O60="Não",0,IF(O60="Às vezes",0.5,"-"))) -> -
B61: 45 Busca / leva um objeto ou pessoa, quando solicitado. | D61: =IF(C61="Sim",1,IF(C61="Não",0,IF(C61="Às vezes",0.5,"-"))) -> - | E61: 45 Emprega formas regulares no plural. | G61: =IF(F61="Sim",1,IF(F61="Não",0,IF(F61="Às vezes",0.5,"-"))) -> - | H61: 43 Aponta para menino e menina, dada a ordem. | J61: =IF(I61="Sim",1,IF(I61="Não",0,IF(I61="Às vezes",0.5,"-"))) -> - | K61: 45 Usa guardanapo quando recomendado. | L61: Sim | M61: =IF(L61="Sim",1,IF(L61="Não",0,IF(L61="Às vezes",0.5,"-"))) -> 1 | N61: 47 Coloca-se em pé, estando sentado. | P61: =IF(O61="Sim",1,IF(O61="Não",0,IF(O61="Às vezes",0.5,"-"))) -> -
B62: 46 Presta atenção à estória ou música por 5 a 10 min. | D62: =IF(C62="Sim",1,IF(C62="Não",0,IF(C62="Às vezes",0.5,"-"))) -> - | E62: 46 Emprega algumas formas irregulares de verbos no passado de forma sistemática. | G62: =IF(F62="Sim",1,IF(F62="Não",0,IF(F62="Às vezes",0.5,"-"))) -> - | H62: 44 Diz se um objeto é pesado ou leve. | J62: =IF(I62="Sim",1,IF(I62="Não",0,IF(I62="Às vezes",0.5,"-"))) -> - | K62: 46 Espeta o garfo na comida, levando-a a boca. | L62: Sim | M62: =IF(L62="Sim",1,IF(L62="Não",0,IF(L62="Às vezes",0.5,"-"))) -> 1 | N62: 48 Rola uma bola imitando um adulto. | P62: =IF(O62="Sim",1,IF(O62="Não",0,IF(O62="Às vezes",0.5,"-"))) -> -
B63: 47 Diz "Por favor" ou "Obrigado" quando lembrado. | D63: =IF(C63="Sim",1,IF(C63="Não",0,IF(C63="Às vezes",0.5,"-"))) -> - | E63: 47 Faz perguntas do tipo "O que é isso?" | G63: =IF(F63="Sim",1,IF(F63="Não",0,IF(F63="Às vezes",0.5,"-"))) -> - | H63: 45 Une 2 partes de uma figura para formar o todo. | J63: =IF(I63="Sim",1,IF(I63="Não",0,IF(I63="Às vezes",0.5,"-"))) -> - | K63: 47 Despeja líquido de uma peq. jarra para o copo sem ajuda. | L63: Sim | M63: =IF(L63="Sim",1,IF(L63="Não",0,IF(L63="Às vezes",0.5,"-"))) -> 1 | N63: 49 Sobe em uma cadeira de adulto, vira-se e senta. | P63: =IF(O63="Sim",1,IF(O63="Não",0,IF(O63="Às vezes",0.5,"-"))) -> -
B64: 48 Tenta ajudar os pais a executarem tarefas realizando parte da mesma | D64: =IF(C64="Sim",1,IF(C64="Não",0,IF(C64="Às vezes",0.5,"-"))) -> - | E64: 48 Controla o volume da voz 90% das vezes. | G64: =IF(F64="Sim",1,IF(F64="Não",0,IF(F64="Às vezes",0.5,"-"))) -> - | H64: 46 Descreve 2 eventos ou personagens de uma estória familiar ou programa de televisão. | J64: =IF(I64="Sim",1,IF(I64="Não",0,IF(I64="Às vezes",0.5,"-"))) -> - | K64: 48 Desprende roupas presas com o feixe de pressão. | L64: Sim | M64: =IF(L64="Sim",1,IF(L64="Não",0,IF(L64="Às vezes",0.5,"-"))) -> 1 | N64: 50 Coloca 4 aros em uma pequena estaca. | P64: =IF(O64="Sim",1,IF(O64="Não",0,IF(O64="Às vezes",0.5,"-"))) -> -
B65: 49 Brinca de usar roupas de adultos. | D65: =IF(C65="Sim",1,IF(C65="Não",0,IF(C65="Às vezes",0.5,"-"))) -> - | E65: 49 Usa "este / esta" e "aquele / aquela" na fala. | G65: =IF(F65="Sim",1,IF(F65="Não",0,IF(F65="Às vezes",0.5,"-"))) -> - | H65: 47 Repete brincadeiras (rimas ou canções) que envolvam movimentos coordenados. | J65: =IF(I65="Sim",1,IF(I65="Não",0,IF(I65="Às vezes",0.5,"-"))) -> - | K65: 49 Lava seus braços e pernas ao lhe darem banho. | L65: Sim | M65: =IF(L65="Sim",1,IF(L65="Não",0,IF(L65="Às vezes",0.5,"-"))) -> 1 | N65: 51 Retira pinos de 2,5 cm de uma prancha ou tabuleiro. | P65: =IF(O65="Sim",1,IF(O65="Não",0,IF(O65="Às vezes",0.5,"-"))) -> -
B66: 50 Faz uma escolha quando indagado. | D66: =IF(C66="Sim",1,IF(C66="Não",0,IF(C66="Às vezes",0.5,"-"))) -> - | E66: 50 Emprega "é" e "está" em frases simples. | G66: =IF(F66="Sim",1,IF(F66="Não",0,IF(F66="Às vezes",0.5,"-"))) -> - | H66: 48 Emparelha 3 ou mais objetos. | J66: =IF(I66="Sim",1,IF(I66="Não",0,IF(I66="Às vezes",0.5,"-"))) -> - | K66: 50 Coloca meias. | L66: Não | M66: =IF(L66="Sim",1,IF(L66="Não",0,IF(L66="Às vezes",0.5,"-"))) -> 0 | N66: 52 Encaixa pinos de 2,5 cm em uma prancha de encaixe. | P66: =IF(O66="Sim",1,IF(O66="Não",0,IF(O66="Às vezes",0.5,"-"))) -> -
B67: 51 Demonstra entender sentimentos, expressando-os. | D67: =IF(C67="Sim",1,IF(C67="Não",0,IF(C67="Às vezes",0.5,"-"))) -> - | E67: 51 Diz "eu", "mim", "meu" ao invés do próprio nome. | G67: =IF(F67="Sim",1,IF(F67="Não",0,IF(F67="Às vezes",0.5,"-"))) -> - | H67: 49 Aponta para objetos compridos ou curtos. | J67: =IF(I67="Sim",1,IF(I67="Não",0,IF(I67="Às vezes",0.5,"-"))) -> - | K67: 51 Veste casaco, malha ou camisa. | L67: Não | M67: =IF(L67="Sim",1,IF(L67="Não",0,IF(L67="Às vezes",0.5,"-"))) -> 0 | N67: 53 Constrói uma torre de 3 blocos. | P67: =IF(O67="Sim",1,IF(O67="Não",0,IF(O67="Às vezes",0.5,"-"))) -> -
B68: Total de Acertos | C68: =SUM(D60:D67) -> 0 | E68: 52 Aponta objetos e diz que eles não são outras coisas | G68: =IF(F68="Sim",1,IF(F68="Não",0,IF(F68="Às vezes",0.5,"-"))) -> - | H68: 50 Associa objetos correspondentes. Ex: meia/sapato. | J68: =IF(I68="Sim",1,IF(I68="Não",0,IF(I68="Às vezes",0.5,"-"))) -> - | K68: 52 Identifica a parte dianteira da roupa. | L68: Não | M68: =IF(L68="Sim",1,IF(L68="Não",0,IF(L68="Às vezes",0.5,"-"))) -> 0 | N68: 54 Faz traços no papel com lápis ou lápis de cera. | P68: =IF(O68="Sim",1,IF(O68="Não",0,IF(O68="Às vezes",0.5,"-"))) -> -
B69: Socialização – 3 a 4 anos | E69: 53 Responde à pergunta "Quem?" dando um nome | G69: =IF(F69="Sim",1,IF(F69="Não",0,IF(F69="Às vezes",0.5,"-"))) -> - | H69: 51 Conta até 3 imitando um adulto. | J69: =IF(I69="Sim",1,IF(I69="Não",0,IF(I69="Às vezes",0.5,"-"))) -> - | K69: Total de Acertos | L69: =SUM(M42:M68) -> 21 | N69: 55 Anda sozinho. | P69: =IF(O69="Sim",1,IF(O69="Não",0,IF(O69="Às vezes",0.5,"-"))) -> -
B70: 52 Canta e dança ao ouvir músicas. | D70: =IF(C70="Sim",1,IF(C70="Não",0,IF(C70="Às vezes",0.5,"-"))) -> - | E70: 54 Emprega as formas possessivas dos substantivos. | G70: =IF(F70="Sim",1,IF(F70="Não",0,IF(F70="Às vezes",0.5,"-"))) -> - | H70: 52 Agrupa objetos em categorias. | J70: =IF(I70="Sim",1,IF(I70="Não",0,IF(I70="Às vezes",0.5,"-"))) -> - | K70: Auto cuidados – 3 a 4 anos | N70: 56 Desce escadas sentado, colocando primeiro os pés. | P70: =IF(O70="Sim",1,IF(O70="Não",0,IF(O70="Às vezes",0.5,"-"))) -> -
B71: 53 Segue regras de um jogo imitando ações de outras crianças. | D71: =IF(C71="Sim",1,IF(C71="Não",0,IF(C71="Às vezes",0.5,"-"))) -> - | E71: 55 Usa artigos ao falar. | G71: =IF(F71="Sim",1,IF(F71="Não",0,IF(F71="Às vezes",0.5,"-"))) -> - | H71: 53 Traça um (V) em imitação. | J71: =IF(I71="Sim",1,IF(I71="Não",0,IF(I71="Às vezes",0.5,"-"))) -> - | K71: 53 Alimenta-se sozinho por toda a refeição. | M71: =IF(L71="Sim",1,IF(L71="Não",0,IF(L71="Às vezes",0.5,"-"))) -> - | N71: 57 Senta-se em uma cadeirinha. | P71: =IF(O71="Sim",1,IF(O71="Não",0,IF(O71="Às vezes",0.5,"-"))) -> -
B72: 54 Cumprimenta pessoas familiares sem ser lembrado. | D72: =IF(C72="Sim",1,IF(C72="Não",0,IF(C72="Às vezes",0.5,"-"))) -> - | E72: 56 Usa substantivos que indicam grupo ou categoria. | G72: =IF(F72="Sim",1,IF(F72="Não",0,IF(F72="Às vezes",0.5,"-"))) -> - | H72: 54 Traça uma linha diagonal dado o exemplo. | J72: =IF(I72="Sim",1,IF(I72="Não",0,IF(I72="Às vezes",0.5,"-"))) -> - | K72: 54 Veste-se só, precisando de ajuda apenas quanto há malhas ou camisetas com golas fechadas ou botões e fechos. | M72: =IF(L72="Sim",1,IF(L72="Não",0,IF(L72="Às vezes",0.5,"-"))) -> - | N72: 58 Agacha-se e volta a ficar em pé. | P72: =IF(O72="Sim",1,IF(O72="Não",0,IF(O72="Às vezes",0.5,"-"))) -> -
B73: 55 Seguem regras em jogos de grupos dirigidos por adultos. | D73: =IF(C73="Sim",1,IF(C73="Não",0,IF(C73="Às vezes",0.5,"-"))) -> - | E73: 57 Usa os verbos "ser", "estar" e "ter" no presente com poucos erros. | G73: =IF(F73="Sim",1,IF(F73="Não",0,IF(F73="Às vezes",0.5,"-"))) -> - | H73: 55 Conta até 10 objetos, imitando um adulto. | J73: =IF(I73="Sim",1,IF(I73="Não",0,IF(I73="Às vezes",0.5,"-"))) -> - | K73: 55 Enxuga o nariz quando lembrado. | M73: =IF(L73="Sim",1,IF(L73="Não",0,IF(L73="Às vezes",0.5,"-"))) -> - | N73: 59 Empurra e puxa brinquedos ao andar. | P73: =IF(O73="Sim",1,IF(O73="Não",0,IF(O73="Às vezes",0.5,"-"))) -> -
B74: 56 Pede permissão para brincar com um brinquedo que está sendo usado por outra criança | D74: =IF(C74="Sim",1,IF(C74="Não",0,IF(C74="Às vezes",0.5,"-"))) -> - | E74: 58 Diz se os objetos estão abertos ou fechados. | G74: =IF(F74="Sim",1,IF(F74="Não",0,IF(F74="Às vezes",0.5,"-"))) -> - | H74: 56 Constrói uma ponte com 3 blocos por imitação. | J74: =IF(I74="Sim",1,IF(I74="Não",0,IF(I74="Às vezes",0.5,"-"))) -> - | K74: 56 Acorda seco 2 manhãs por semana | M74: =IF(L74="Sim",1,IF(L74="Não",0,IF(L74="Às vezes",0.5,"-"))) -> - | N74: 60 Usa cadeira ou cavalo de balanço. | P74: =IF(O74="Sim",1,IF(O74="Não",0,IF(O74="Às vezes",0.5,"-"))) -> -
B75: 57 Diz "Por favor" e "Obrigado" sem ser lembrado ½ das vezes. | D75: =IF(C75="Sim",1,IF(C75="Não",0,IF(C75="Às vezes",0.5,"-"))) -> - | E75: Total de Acertos | F75: =SUM(G45:G74) -> 0 | H75: 57 Emparelha uma sequência ou padrão (tamanho, cor) de blocos ou contas. | J75: =IF(I75="Sim",1,IF(I75="Não",0,IF(I75="Às vezes",0.5,"-"))) -> - | K75: 57 Se menino, urina no sanitário, em pé | M75: =IF(L75="Sim",1,IF(L75="Não",0,IF(L75="Às vezes",0.5,"-"))) -> - | N75: 61 Sobe escadas com ajuda. | P75: =IF(O75="Sim",1,IF(O75="Não",0,IF(O75="Às vezes",0.5,"-"))) -> -
B76: 58 Atende ao telefone, chamando um adulto e falando com pessoas familiares. | D76: =IF(C76="Sim",1,IF(C76="Não",0,IF(C76="Às vezes",0.5,"-"))) -> - | E76: Linguagem – 3 a 4 anos | H76: 58 Copia uma série de (V) interligados. | J76: =IF(I76="Sim",1,IF(I76="Não",0,IF(I76="Às vezes",0.5,"-"))) -> - | K76: 58 Veste-se e despe-se sozinho, exceto quanto à botões e fechos em 75% das vezes. | M76: =IF(L76="Sim",1,IF(L76="Não",0,IF(L76="Às vezes",0.5,"-"))) -> - | N76: 62 Dobra o corpo sem cair para apanhar objetos no chão. | P76: =IF(O76="Sim",1,IF(O76="Não",0,IF(O76="Às vezes",0.5,"-"))) -> -
B77: 59 Espera a sua vez. | D77: =IF(C77="Sim",1,IF(C77="Não",0,IF(C77="Às vezes",0.5,"-"))) -> - | E77: 59 Expressa diminutivos e aumentativos quando fala. | G77: =IF(F77="Sim",1,IF(F77="Não",0,IF(F77="Às vezes",0.5,"-"))) -> - | H77: 59 Acrescenta perna ou braço em um desenho incompleto da figura humana. | J77: =IF(I77="Sim",1,IF(I77="Não",0,IF(I77="Às vezes",0.5,"-"))) -> - | K77: 59 Fecha a roupa com fechos de pressão ou de gancho. | M77: =IF(L77="Sim",1,IF(L77="Não",0,IF(L77="Às vezes",0.5,"-"))) -> - | N77: 63 Imita um movimento circular. | P77: =IF(O77="Sim",1,IF(O77="Não",0,IF(O77="Às vezes",0.5,"-"))) -> -
B78: 60 Segue regras em jogos dirigidos por uma criança mais velha. | D78: =IF(C78="Sim",1,IF(C78="Não",0,IF(C78="Às vezes",0.5,"-"))) -> - | E78: 60 Presta atenção por 5 minutos a uma estória lida | G78: =IF(F78="Sim",1,IF(F78="Não",0,IF(F78="Às vezes",0.5,"-"))) -> - | H78: 60 Completa um quebra-cabeças de 6 peças. | J78: =IF(I78="Sim",1,IF(I78="Não",0,IF(I78="Às vezes",0.5,"-"))) -> - | K78: 60 Assoa o nariz quando lembrado. | M78: =IF(L78="Sim",1,IF(L78="Não",0,IF(L78="Às vezes",0.5,"-"))) -> - | N78: Total de Acertos | O78: =SUM(P60:P77) -> 0
B79: 61 Obedece às ordens de um adulto 75% das vezes. (3 vezes a cada 4 tentativas) | D79: =IF(C79="Sim",1,IF(C79="Não",0,IF(C79="Às vezes",0.5,"-"))) -> - | E79: 61 Obedece à sequência de 2 ordens não relacionadas. | G79: =IF(F79="Sim",1,IF(F79="Não",0,IF(F79="Às vezes",0.5,"-"))) -> - | H79: 61 Indica se os objetos são iguais ou diferentes. | J79: =IF(I79="Sim",1,IF(I79="Não",0,IF(I79="Às vezes",0.5,"-"))) -> - | K79: 61 Evita perigos corriqueiros, por ex: caco de vidro. | M79: =IF(L79="Sim",1,IF(L79="Não",0,IF(L79="Às vezes",0.5,"-"))) -> - | N79: Desenvolvimento Motor – 2 a 3 anos
B80: 62 Permanece em seu próprio quintal ou jardim | D80: =IF(C80="Sim",1,IF(C80="Não",0,IF(C80="Às vezes",0.5,"-"))) -> - | E80: 62 Diz seu nome completo quando solicitado. | G80: =IF(F80="Sim",1,IF(F80="Não",0,IF(F80="Às vezes",0.5,"-"))) -> - | H80: 62 Desenha um quadrado imitando um adulto. | J80: =IF(I80="Sim",1,IF(I80="Não",0,IF(I80="Às vezes",0.5,"-"))) -> - | K80: 62 Pendura roupa no cabide e põe no armário quando pedem. | M80: =IF(L80="Sim",1,IF(L80="Não",0,IF(L80="Às vezes",0.5,"-"))) -> - | N80: 64 Enfia 4 contas grandes em um cordão em 2 minutos. | O80: Sim | P80: =IF(O80="Sim",1,IF(O80="Não",0,IF(O80="Às vezes",0.5,"-"))) -> 1
B81: 63 Brinca perto de outras crianças conversando com elas enquanto trabalha em um projeto próprio (30 min.). | D81: =IF(C81="Sim",1,IF(C81="Não",0,IF(C81="Às vezes",0.5,"-"))) -> - | E81: 63 Responde perguntas simples envolvendo "Como". | G81: =IF(F81="Sim",1,IF(F81="Não",0,IF(F81="Às vezes",0.5,"-"))) -> - | H81: 63 Nomeia 3 cores sendo requisitado. | J81: =IF(I81="Sim",1,IF(I81="Não",0,IF(I81="Às vezes",0.5,"-"))) -> - | K81: 63 Escova os dentes quando recebe instrução. | M81: =IF(L81="Sim",1,IF(L81="Não",0,IF(L81="Às vezes",0.5,"-"))) -> - | N81: 65 Vira trincos ou maçanetas em portas. | O81: Sim | P81: =IF(O81="Sim",1,IF(O81="Não",0,IF(O81="Às vezes",0.5,"-"))) -> 1
B82: Total de Acertos | C82: =SUM(D70:D81) -> 0 | E82: 64 Emprega verbos regulares, no passado. | G82: =IF(F82="Sim",1,IF(F82="Não",0,IF(F82="Às vezes",0.5,"-"))) -> - | H82: 64 Nomeia 3 formas geométricas (quadrado, triângulo e círculo). | J82: =IF(I82="Sim",1,IF(I82="Não",0,IF(I82="Às vezes",0.5,"-"))) -> - | K82: 64 Coloca luvas. | M82: =IF(L82="Sim",1,IF(L82="Não",0,IF(L82="Às vezes",0.5,"-"))) -> - | N82: 66 Salta no mesmo local com ambos os pés. | O82: Sim | P82: =IF(O82="Sim",1,IF(O82="Não",0,IF(O82="Às vezes",0.5,"-"))) -> 1
B83: Socialização – 4 a 5 anos | E83: 65 Relata experiências imediatas. | G83: =IF(F83="Sim",1,IF(F83="Não",0,IF(F83="Às vezes",0.5,"-"))) -> - | H83: Total de Acertos | I83: =SUM(J59:J82) -> 0 | K83: 65 Desabotoa botões grandes | M83: =IF(L83="Sim",1,IF(L83="Não",0,IF(L83="Às vezes",0.5,"-"))) -> - | N83: 67 Anda de costas. | O83: Sim | P83: =IF(O83="Sim",1,IF(O83="Não",0,IF(O83="Às vezes",0.5,"-"))) -> 1
B84: 64 Pede ajuda quando está tendo dificuldades. | D84: =IF(C84="Sim",1,IF(C84="Não",0,IF(C84="Às vezes",0.5,"-"))) -> - | E84: 66 Diz como são usados objetos comuns. | G84: =IF(F84="Sim",1,IF(F84="Não",0,IF(F84="Às vezes",0.5,"-"))) -> - | H84: Cognição – 4 a 5 anos | K84: 66 Abotoa botões grandes. | M84: =IF(L84="Sim",1,IF(L84="Não",0,IF(L84="Às vezes",0.5,"-"))) -> - | N84: 68 Desce escadas sem ajuda. | O84: Sim | P84: =IF(O84="Sim",1,IF(O84="Não",0,IF(O84="Às vezes",0.5,"-"))) -> 1
B85: 65 Contribui para a conversa de adultos. | D85: =IF(C85="Sim",1,IF(C85="Não",0,IF(C85="Às vezes",0.5,"-"))) -> - | E85: 67 Expressa ações futuras empregando os verbos "ir", "ter" e "querer". | G85: =IF(F85="Sim",1,IF(F85="Não",0,IF(F85="Às vezes",0.5,"-"))) -> - | H85: 65 Apanha de 1 a 5 objetos quando solicitado. | J85: =IF(I85="Sim",1,IF(I85="Não",0,IF(I85="Às vezes",0.5,"-"))) -> - | K85: 67 Calça botas. | M85: =IF(L85="Sim",1,IF(L85="Não",0,IF(L85="Às vezes",0.5,"-"))) -> - | N85: 69 Atira uma bola a um adulto à 1 ½ de distância. | O85: Sim | P85: =IF(O85="Sim",1,IF(O85="Não",0,IF(O85="Às vezes",0.5,"-"))) -> 1
B86: 66 Repete rimas, canções ou dança para os outros. | D86: =IF(C86="Sim",1,IF(C86="Não",0,IF(C86="Às vezes",0.5,"-"))) -> - | E86: 68 Utiliza adequadamente masculino e feminino na fala. | G86: =IF(F86="Sim",1,IF(F86="Não",0,IF(F86="Às vezes",0.5,"-"))) -> - | H86: 66 Nomeia 5 texturas diferentes. | J86: =IF(I86="Sim",1,IF(I86="Não",0,IF(I86="Às vezes",0.5,"-"))) -> - | K86: Total de Acertos | L86: =SUM(M71:M85) -> 0 | N86: 70 Constrói uma torre de 5 a 6 blocos. | O86: Sim | P86: =IF(O86="Sim",1,IF(O86="Não",0,IF(O86="Às vezes",0.5,"-"))) -> 1
B87: 67 Faz uma tarefa sozinha por 20 a 30 minutos. | D87: =IF(C87="Sim",1,IF(C87="Não",0,IF(C87="Às vezes",0.5,"-"))) -> - | E87: 69 Usa formas imperativas de verbos ao pedir favores. | G87: =IF(F87="Sim",1,IF(F87="Não",0,IF(F87="Às vezes",0.5,"-"))) -> - | H87: 67 Copia um triângulo ao ser requisitado. | J87: =IF(I87="Sim",1,IF(I87="Não",0,IF(I87="Às vezes",0.5,"-"))) -> - | K87: Auto cuidados – 4 a 5 anos | N87: 71 Vira páginas de um livro, uma por vez. | O87: Sim | P87: =IF(O87="Sim",1,IF(O87="Não",0,IF(O87="Às vezes",0.5,"-"))) -> 1
B88: 68 Pede desculpas sem ser lembrado 75% das vezes. | D88: =IF(C88="Sim",1,IF(C88="Não",0,IF(C88="Às vezes",0.5,"-"))) -> - | E88: 70 Conta 2 fatos na ordem de ocorrência. | G88: =IF(F88="Sim",1,IF(F88="Não",0,IF(F88="Às vezes",0.5,"-"))) -> - | H88: 68 Recorda-se de 4 objetos que haviam sido vistos em uma figura. | J88: =IF(I88="Sim",1,IF(I88="Não",0,IF(I88="Às vezes",0.5,"-"))) -> - | K88: 68 Limpa o que derramou por conta própria. | M88: =IF(L88="Sim",1,IF(L88="Não",0,IF(L88="Às vezes",0.5,"-"))) -> - | N88: 72 Desembrulha um pequeno objeto. | O88: Sim | P88: =IF(O88="Sim",1,IF(O88="Não",0,IF(O88="Às vezes",0.5,"-"))) -> 1
B89: 69 Espera sua vez em brincadeiras que envolvam de 8 a 9 crianças. | D89: =IF(C89="Sim",1,IF(C89="Não",0,IF(C89="Às vezes",0.5,"-"))) -> - | E89: Total de Acertos | F89: =SUM(G77:G88) -> 0 | H89: 69 Diz o momento do dia associado a cada atividade. | J89: =IF(I89="Sim",1,IF(I89="Não",0,IF(I89="Às vezes",0.5,"-"))) -> - | K89: 69 Evita veneno e todas as substâncias prejudiciais. | M89: =IF(L89="Sim",1,IF(L89="Não",0,IF(L89="Às vezes",0.5,"-"))) -> - | N89: 73 Dobra um papel ao meio, imitando um adulto. | O89: Sim | P89: =IF(O89="Sim",1,IF(O89="Não",0,IF(O89="Às vezes",0.5,"-"))) -> 1
B90: 70 Brinca com 2 a 3 crianças por 20 min. em uma atividade que envolva cooperação. | D90: =IF(C90="Sim",1,IF(C90="Não",0,IF(C90="Às vezes",0.5,"-"))) -> - | E90: Linguagem – 4 a 5 anos | H90: 70 Repete rimas familiares. | J90: =IF(I90="Sim",1,IF(I90="Não",0,IF(I90="Às vezes",0.5,"-"))) -> - | K90: 70 Desabotoa sua roupa. | M90: =IF(L90="Sim",1,IF(L90="Não",0,IF(L90="Às vezes",0.5,"-"))) -> - | N90: 74 Desmancha e reconstrói brinquedos de encaixe por pressão. | O90: Sim | P90: =IF(O90="Sim",1,IF(O90="Não",0,IF(O90="Às vezes",0.5,"-"))) -> 1
B91: 71 Quando em público, apresenta um comportamento socialmente aceitável. | D91: =IF(C91="Sim",1,IF(C91="Não",0,IF(C91="Às vezes",0.5,"-"))) -> - | E91: 71 Obedece a uma sequência envolvendo 3 ordens. | G91: =IF(F91="Sim",1,IF(F91="Não",0,IF(F91="Às vezes",0.5,"-"))) -> - | H91: 71 Diz se um objeto é mais pesado ou mais leve (objetos com diferença de 0,5 quilo). | J91: =IF(I91="Sim",1,IF(I91="Não",0,IF(I91="Às vezes",0.5,"-"))) -> - | K91: 71 Abotoa sua roupa. | M91: =IF(L91="Sim",1,IF(L91="Não",0,IF(L91="Às vezes",0.5,"-"))) -> - | N91: 75 Desenrosca brinquedos que se encaixam por roscas. | O91: Sim | P91: =IF(O91="Sim",1,IF(O91="Não",0,IF(O91="Às vezes",0.5,"-"))) -> 1
B92: 72 Pede permissão para usar objetos dos outros em 75% das vezes. | D92: =IF(C92="Sim",1,IF(C92="Não",0,IF(C92="Às vezes",0.5,"-"))) -> - | E92: 72 Demonstra compreensão de verbos reflexivos, usando-os ocasionalmente (ex. ele se machucou). | G92: =IF(F92="Sim",1,IF(F92="Não",0,IF(F92="Às vezes",0.5,"-"))) -> - | H92: 72 Diz o que está faltando quando um objeto é retirado de um grupo de 3 objetos. | J92: =IF(I92="Sim",1,IF(I92="Não",0,IF(I92="Às vezes",0.5,"-"))) -> - | K92: 72 Retira prato e talheres da mesa. | M92: =IF(L92="Sim",1,IF(L92="Não",0,IF(L92="Às vezes",0.5,"-"))) -> - | N92: 76 Chuta uma bola grande que está imóvel. | O92: Sim | P92: =IF(O92="Sim",1,IF(O92="Não",0,IF(O92="Às vezes",0.5,"-"))) -> 1
B93: Total de Acertos | C93: =SUM(D84:D92) -> 0 | E93: 73 Consegue identificar objetos / figuras que formem par, sob solicitação. | G93: =IF(F93="Sim",1,IF(F93="Não",0,IF(F93="Às vezes",0.5,"-"))) -> - | H93: 73 Nomeia 8 cores. | J93: =IF(I93="Sim",1,IF(I93="Não",0,IF(I93="Às vezes",0.5,"-"))) -> - | K93: 73 Encaixa fecho em sua terminação. | M93: =IF(L93="Sim",1,IF(L93="Não",0,IF(L93="Às vezes",0.5,"-"))) -> - | N93: 77 Faz bolas de argila, barro ou massinha. | O93: Não | P93: =IF(O93="Sim",1,IF(O93="Não",0,IF(O93="Às vezes",0.5,"-"))) -> 0
B94: Socialização – 5 a 6 anos | E94: 74 Emprega o futuro ao falar. | G94: =IF(F94="Sim",1,IF(F94="Não",0,IF(F94="Às vezes",0.5,"-"))) -> - | H94: 74 Identifica o valor de 3 moedas. | J94: =IF(I94="Sim",1,IF(I94="Não",0,IF(I94="Às vezes",0.5,"-"))) -> - | K94: 74 Lava as mãos e o rosto. | M94: =IF(L94="Sim",1,IF(L94="Não",0,IF(L94="Às vezes",0.5,"-"))) -> - | N94: 78 Segura o lápis entre o polegar e o indicador, apoiando-o sobre o dedo médio. | O94: Sim | P94: =IF(O94="Sim",1,IF(O94="Não",0,IF(O94="Às vezes",0.5,"-"))) -> 1
B95: 73 Manifesta seus sentimentos | D95: =IF(C95="Sim",1,IF(C95="Não",0,IF(C95="Às vezes",0.5,"-"))) -> - | E95: 75 Usa orações compostas por coordenação. | G95: =IF(F95="Sim",1,IF(F95="Não",0,IF(F95="Às vezes",0.5,"-"))) -> - | H95: 75 Emparelha símbolos (letras e números). | J95: =IF(I95="Sim",1,IF(I95="Não",0,IF(I95="Às vezes",0.5,"-"))) -> - | K95: 75 Usa talher apropriado para alimentar-se. | M95: =IF(L95="Sim",1,IF(L95="Não",0,IF(L95="Às vezes",0.5,"-"))) -> - | N95: 79 Dá cambalhota para frente com ajuda. | O95: Sim | P95: =IF(O95="Sim",1,IF(O95="Não",0,IF(O95="Às vezes",0.5,"-"))) -> 1
B96: 74 Brinca com 4 a 5 crianças em atividade de cooperação por 20 minutos, sem supervisão. | D96: =IF(C96="Sim",1,IF(C96="Não",0,IF(C96="Às vezes",0.5,"-"))) -> - | E96: 76 Consegue identificar a parte de cima e de baixo de objetos, quando solicitado. | G96: =IF(F96="Sim",1,IF(F96="Não",0,IF(F96="Às vezes",0.5,"-"))) -> - | H96: 76 Diz a cor de objetos nomeados. | J96: =IF(I96="Sim",1,IF(I96="Não",0,IF(I96="Às vezes",0.5,"-"))) -> - | K96: 76 Acorda de noite para ir ao banheiro, ou acorda seco. | M96: =IF(L96="Sim",1,IF(L96="Não",0,IF(L96="Às vezes",0.5,"-"))) -> - | N96: 80 Dá marteladas para encaixar 5 pinos em seus orifícios. | O96: Sim | P96: =IF(O96="Sim",1,IF(O96="Não",0,IF(O96="Às vezes",0.5,"-"))) -> 1
B97: 75 Explica aos outros as regras do jogo ou atividade. | D97: =IF(C97="Sim",1,IF(C97="Não",0,IF(C97="Às vezes",0.5,"-"))) -> - | E97: 77 Emprega ocasionalmente o condicional ao falar (poderia, pudesse, iria, seria, faria). | G97: =IF(F97="Sim",1,IF(F97="Não",0,IF(F97="Às vezes",0.5,"-"))) -> - | H97: 77 Relata 5 principais fatos de uma história contada 3x. | J97: =IF(I97="Sim",1,IF(I97="Não",0,IF(I97="Às vezes",0.5,"-"))) -> - | K97: 77 Limpa e assua o nariz em 75% das vezes sem ser lembrado | M97: =IF(L97="Sim",1,IF(L97="Não",0,IF(L97="Às vezes",0.5,"-"))) -> - | N97: Total de Acertos | O97: =SUM(P80:P96) -> 16
B98: 76 Imita papéis de adulto. | D98: =IF(C98="Sim",1,IF(C98="Não",0,IF(C98="Às vezes",0.5,"-"))) -> - | E98: 78 Consegue identificar absurdos em figuras. | G98: =IF(F98="Sim",1,IF(F98="Não",0,IF(F98="Às vezes",0.5,"-"))) -> - | H98: 78 Desenha figura humana (cabeça, tronco e 4 membros) | J98: =IF(I98="Sim",1,IF(I98="Não",0,IF(I98="Às vezes",0.5,"-"))) -> - | K98: 78 Toma banho só, precisando de ajuda apenas para lavar as costas, pescoço e orelhas. | M98: =IF(L98="Sim",1,IF(L98="Não",0,IF(L98="Às vezes",0.5,"-"))) -> - | N98: Desenvolvimento Motor – 3 a 4 ano
B99: 77 Colabora para a conversa durante as refeições. | D99: =IF(C99="Sim",1,IF(C99="Não",0,IF(C99="Às vezes",0.5,"-"))) -> - | E99: 79 Emprega as seguintes palavras: irmã(o), avó, avô. | G99: =IF(F99="Sim",1,IF(F99="Não",0,IF(F99="Às vezes",0.5,"-"))) -> - | H99: 79 Canta 5 estrofes de uma canção. | J99: =IF(I99="Sim",1,IF(I99="Não",0,IF(I99="Às vezes",0.5,"-"))) -> - | K99: 79 Usa faca para espalhar manteiga no pão. | M99: =IF(L99="Sim",1,IF(L99="Não",0,IF(L99="Às vezes",0.5,"-"))) -> - | N99: 81 Faz um quebra cabeça de 3 peças. | P99: =IF(O99="Sim",1,IF(O99="Não",0,IF(O99="Às vezes",0.5,"-"))) -> -
B100: 78 Segue regras de jogo que envolva raciocínio verbal. | D100: =IF(C100="Sim",1,IF(C100="Não",0,IF(C100="Às vezes",0.5,"-"))) -> - | E100: 80 Completa frases com antônimos. | G100: =IF(F100="Sim",1,IF(F100="Não",0,IF(F100="Às vezes",0.5,"-"))) -> - | H100: 80 Constrói uma pirâmide de 10 blocos por imitação. | J100: =IF(I100="Sim",1,IF(I100="Não",0,IF(I100="Às vezes",0.5,"-"))) -> - | K100: 80 Aperta e afrouxa cintos ou fivelas. | M100: =IF(L100="Sim",1,IF(L100="Não",0,IF(L100="Às vezes",0.5,"-"))) -> - | N100: 82 Corta algo em pedaços com tesoura. | P100: =IF(O100="Sim",1,IF(O100="Não",0,IF(O100="Às vezes",0.5,"-"))) -> -
B101: 79 Conforta colegas quando estes estão tristes. | D101: =IF(C101="Sim",1,IF(C101="Não",0,IF(C101="Às vezes",0.5,"-"))) -> - | E101: 81 Relata uma estória conhecida sem ajuda de figuras. | G101: =IF(F101="Sim",1,IF(F101="Não",0,IF(F101="Às vezes",0.5,"-"))) -> - | H101: 81 Nomeia objetos como sendo compridos ou curtos. | J101: =IF(I101="Sim",1,IF(I101="Não",0,IF(I101="Às vezes",0.5,"-"))) -> - | K101: 81 Veste-se sozinho, mas não dá laços. | M101: =IF(L101="Sim",1,IF(L101="Não",0,IF(L101="Às vezes",0.5,"-"))) -> - | N101: 83 Pula de uma altura de 20 cm | P101: =IF(O101="Sim",1,IF(O101="Não",0,IF(O101="Às vezes",0.5,"-"))) -> -
B102: 80 Escolhe seus próprios amigos. | D102: =IF(C102="Sim",1,IF(C102="Não",0,IF(C102="Às vezes",0.5,"-"))) -> - | E102: 82 Em uma figura, nomeia o objeto que não pertence a uma determinada categoria. | G102: =IF(F102="Sim",1,IF(F102="Não",0,IF(F102="Às vezes",0.5,"-"))) -> - | H102: 82 Coloca objetos "atrás", "ao lado" ou "junto" a outros. | J102: =IF(I102="Sim",1,IF(I102="Não",0,IF(I102="Às vezes",0.5,"-"))) -> - | K102: 82 Serve-se à mesa enquanto seguram a travessa de comida. | M102: =IF(L102="Sim",1,IF(L102="Não",0,IF(L102="Às vezes",0.5,"-"))) -> - | N102: 84 Chuta uma bola grande quando enviada para si. | P102: =IF(O102="Sim",1,IF(O102="Não",0,IF(O102="Às vezes",0.5,"-"))) -> -
B103: 81 Planeja e constrói, usando ferramentas simples. | D103: =IF(C103="Sim",1,IF(C103="Não",0,IF(C103="Às vezes",0.5,"-"))) -> - | E103: 83 Diz se duas palavras rimam ou não. | G103: =IF(F103="Sim",1,IF(F103="Não",0,IF(F103="Às vezes",0.5,"-"))) -> - | H103: 83 Faz conjuntos iguais de 10 objetos, segundo modelo. | J103: =IF(I103="Sim",1,IF(I103="Não",0,IF(I103="Às vezes",0.5,"-"))) -> - | K103: 83 Ajuda a pôr a mesa corretamente quando recebe instruções. | M103: =IF(L103="Sim",1,IF(L103="Não",0,IF(L103="Às vezes",0.5,"-"))) -> - | N103: 85 Anda na ponta dos pés. | P103: =IF(O103="Sim",1,IF(O103="Não",0,IF(O103="Às vezes",0.5,"-"))) -> -
...

Sheet CÁLCULOS e GRAF AV1
A1: e
B2: GUIA PORTAGE DE EDUCAÇÃO PRÉ-ESCOLAR
B5: IDADE DE DESENVOLVIMENTO DA CRIANÇA | C5: =((E31+K31+E41+K41+E51)/12)/6 -> 0.28649237
B7: IDADE DA CRIANÇA POR ÁREA
B8: =B17 -> SOCIALIZAÇÃO | C8: =E32 -> 0
B9: =B18 -> LINGUAGEM | C9: =K32 -> 0
B10: =B19 -> COGNIÇÃO | C10: =E42 -> 0
B11: =B20 -> AUTOCUIDADOS | C11: =K42 -> 0.77777778
B12: =B21 -> DESENVOLVIMENTO MOTOR | C12: =E52 -> 0.94117647
B14: * As tabelas e gráficos abaixo são automáticos, não sendo necessário o preenchimento
C15: % Acertos por faixa etária
B16: ÁREA DE DESENVOLVIMENTO | C16: 0 - 1 ano | D16: 1 - 2 anos | E16: 2 - 3 anos | F16: 3 - 4 anos | G16: 4 - 5 anos | H16: 5 - 6 anos | I16: % Acertos Total
B17: =B24 -> SOCIALIZAÇÃO | C17: 0 | D17: 0 | E17: =F27 -> 0 | F17: =F28 -> 0 | G17: =F29 -> 0 | H17: =F30 -> 0 | I17: =F31 -> 0
B18: =H24 -> LINGUAGEM | C18: =L25 -> 0 | D18: 0 | E18: 0 | F18: =L28 -> 0 | G18: =L29 -> 0 | H18: =L30 -> 0 | I18: =L31 -> 0
B19: =B34 -> COGNIÇÃO | C19: 0 | D19: 0 | E19: =F37 -> 0 | F19: =F38 -> 0 | G19: =F39 -> 0 | H19: =F40 -> 0 | I19: =F41 -> 0
B20: =H34 -> AUTOCUIDADOS | C20: 0 | D20: 0 | E20: =L37 -> 0.77777778 | F20: =L38 -> 0 | G20: =L39 -> 0 | H20: =L40 -> 0 | I20: =L41 -> 0.2
B21: =B44 -> DESENVOLVIMENTO MOTOR | C21: 0 | D21: 0 | E21: =F47 -> 0.94117647 | F21: =F48 -> 0 | G21: =F49 -> 0 | H21: =F50 -> 0 | I21: =F51 -> 0.11428571
B24: SOCIALIZAÇÃO | C24: Pontuação (Acertos) | D24: Pontuação Esperada | E24: Idade | F24: % Acertos | H24: LINGUAGEM | I24: Pontuação (Acertos) | J24: Pontuação Esperada | K24: Idade | L24: % Acertos
B25: ='AV 1'!B12 -> Socialização - 0 a 1 ano | C25: ='AV 1'!C41 -> 0 | D25: 28 | E25: =(C25*12)/D25 -> 0 | F25: =C25/D25 -> 0 | H25: ='AV 1'!E12 -> Linguagem – 0 a 1 anos | I25: ='AV 1'!F23 -> 0 | J25: 10 | K25: =(I25*12)/J25 -> 0 | L25: =I25/J25 -> 0
B26: ='AV 1'!B42 -> Socialização – 1 a 2 anos | C26: ='AV 1'!C58 -> 0 | D26: 15 | E26: =(C26*12)/D26 -> 0 | F26: =C26/D26 -> 0 | H26: ='AV 1'!E24 -> Linguagem – 1 a 2 anos | I26: ='AV 1'!F43 -> 0 | J26: 18 | K26: =(I26*12)/J26 -> 0 | L26: =I26/J26 -> 0
B27: ='AV 1'!B59 -> Socialização – 2 a 3 anos | C27: ='AV 1'!C68 -> 0 | D27: 8 | E27: =(C27*12)/D27 -> 0 | F27: =C27/D27 -> 0 | H27: ='AV 1'!E44 -> Linguagem – 2 a 3 anos | I27: ='AV 1'!F75 -> 0 | J27: 30 | K27: =(I27*12)/J27 -> 0 | L27: =I27/J27 -> 0
B28: ='AV 1'!B69 -> Socialização – 3 a 4 anos | C28: ='AV 1'!C82 -> 0 | D28: 12 | E28: =(C28*12)/D28 -> 0 | F28: =C28/D28 -> 0 | H28: ='AV 1'!E76 -> Linguagem – 3 a 4 anos | I28: ='AV 1'!F89 -> 0 | J28: 12 | K28: =(I28*12)/J28 -> 0 | L28: =I28/J28 -> 0
B29: ='AV 1'!B83 -> Socialização – 4 a 5 anos | C29: ='AV 1'!C93 -> 0 | D29: 9 | E29: =(C29*12)/D29 -> 0 | F29: =C29/D29 -> 0 | H29: ='AV 1'!E90 -> Linguagem – 4 a 5 anos | I29: ='AV 1'!F106 -> 0 | J29: 15 | K29: =(I29*12)/J29 -> 0 | L29: =I29/J29 -> 0
B30: ='AV 1'!B94 -> Socialização – 5 a 6 anos | C30: ='AV 1'!C106 -> 0 | D30: 11 | E30: =(C30*12)/D30 -> 0 | F30: =C30/D30 -> 0 | H30: ='AV 1'!E107 -> Linguagem – 5 a 6 anos | I30: ='AV 1'!F122 -> 0 | J30: 14 | K30: =(I30*12)/J30 -> 0 | L30: =I30/J30 -> 0
B31: TOTAL | C31: =SUM(C25:C30) -> 0 | D31: =SUM(D25:D30) -> 83 | E31: =SUM(E25:E30) -> 0 | F31: =C31/D31 -> 0 | H31: TOTAL | I31: =SUM(I25:I30) -> 0 | J31: =SUM(J25:J30) -> 99 | K31: =SUM(K25:K30) -> 0 | L31: =I31/J31 -> 0
B32: IDADE DA CRIANÇA - SOCIALIZAÇÃO | E32: =E31/12 -> 0 | H32: IDADE DA CRIANÇA - LINGUAGEM | K32: =K31/12 -> 0
B34: COGNIÇÃO | C34: Pontuação (Acertos) | D34: Pontuação Esperada | E34: Idade | F34: % Acertos | H34: AUTOCUIDADOS | I34: Pontuação (Acertos) | J34: Pontuação Esperada | K34: Idade | L34: % Acertos
B35: ='AV 1'!H12 -> Cognição – 0 a 1 ano | C35: ='AV 1'!I27 -> 0 | D35: 14 | E35: =(C35*12)/D35 -> 0 | F35: =C35/D35 -> 0 | H35: ='AV 1'!K12 -> Auto cuidados – 0 a 1 anos | I35: ='AV 1'!L26 -> 0 | J35: 13 | K35: =(I35*12)/J35 -> 0 | L35: =I35/J35 -> 0
B36: ='AV 1'!H28 -> Cognição – 1 a 2 anos | C36: ='AV 1'!I39 -> 0 | D36: 10 | E36: =(C36*12)/D36 -> 0 | F36: =C36/D36 -> 0 | H36: ='AV 1'!K27 -> Auto cuidados – 1 a 2 anos | I36: ='AV 1'!L40 -> 0 | J36: 12 | K36: =(I36*12)/J36 -> 0 | L36: =I36/J36 -> 0
B37: ='AV 1'!H40 -> Cognição – 2 a 3 anos | C37: ='AV 1'!I57 -> 0 | D37: 16 | E37: =(C37*12)/D37 -> 0 | F37: =C37/D37 -> 0 | H37: ='AV 1'!K41 -> Auto cuidados – 2 a 3 anos | I37: ='AV 1'!L69 -> 21 | J37: 27 | K37: =(I37*12)/J37 -> 9.3333333 | L37: =I37/J37 -> 0.77777778
B38: ='AV 1'!H58 -> Cognição – 3 a 4 anos | C38: ='AV 1'!I83 -> 0 | D38: 24 | E38: =(C38*12)/D38 -> 0 | F38: =C38/D38 -> 0 | H38: ='AV 1'!K70 -> Auto cuidados – 3 a 4 anos | I38: ='AV 1'!L86 -> 0 | J38: 15 | K38: =(I38*12)/J38 -> 0 | L38: =I38/J38 -> 0
B39: ='AV 1'!H84 -> Cognição – 4 a 5 anos | C39: ='AV 1'!I107 -> 0 | D39: 22 | E39: =(C39*12)/D39 -> 0 | F39: =C39/D39 -> 0 | H39: ='AV 1'!K87 -> Auto cuidados – 4 a 5 anos | I39: ='AV 1'!L111 -> 0 | J39: 23 | K39: =(I39*12)/J39 -> 0 | L39: =I39/J39 -> 0
B40: ='AV 1'!H108 -> Cognição – 5 a 6 anos | C40: ='AV 1'!I131 -> 0 | D40: 22 | E40: =(C40*12)/D40 -> 0 | F40: =C40/D40 -> 0 | H40: ='AV 1'!K112 -> Auto cuidados – 5 a 6 anos | I40: ='AV 1'!L128 -> 0 | J40: 15 | K40: =(I40*12)/J40 -> 0 | L40: =I40/J40 -> 0
B41: TOTAL | C41: =SUM(C35:C40) -> 0 | D41: =SUM(D35:D40) -> 108 | E41: =SUM(E35:E40) -> 0 | F41: =C41/D41 -> 0 | H41: TOTAL | I41: =SUM(I35:I40) -> 21 | J41: =SUM(J35:J40) -> 105 | K41: =SUM(K35:K40) -> 9.3333333 | L41: =I41/J41 -> 0.2
B42: IDADE DA CRIANÇA - COGNIÇÃO | E42: =E41/12 -> 0 | H42: IDADE DA CRIANÇA - AUTOCUIDADOS | K42: =K41/12 -> 0.77777778
B44: DESENVOLVIMENTO MOTOR | C44: Pontuação (Acertos) | D44: Pontuação Esperada | E44: Idade | F44: % Acertos
B45: ='AV 1'!N12 -> Desenvolvimento Motor – 0 a 1 ano | C45: ='AV 1'!O58 -> 0 | D45: 45 | E45: =(C45*12)/D45 -> 0 | F45: =C45/D45 -> 0
B46: ='AV 1'!N59 -> Desenvolvimento Motor – 1 a 2 anos | C46: ='AV 1'!O78 -> 0 | D46: 18 | E46: =(C46*12)/D46 -> 0 | F46: =C46/D46 -> 0
B47: ='AV 1'!N79 -> Desenvolvimento Motor – 2 a 3 anos | C47: ='AV 1'!O97 -> 16 | D47: 17 | E47: =(C47*12)/D47 -> 11.294118 | F47: =C47/D47 -> 0.94117647
B48: ='AV 1'!N98 -> Desenvolvimento Motor – 3 a 4 ano | C48: ='AV 1'!O114 -> 0 | D48: 15 | E48: =(C48*12)/D48 -> 0 | F48: =C48/D48 -> 0
B49: ='AV 1'!N115 -> Desenvolvimento Motor – 4 a 5 anos | C49: ='AV 1'!O132 -> 0 | D49: 16 | E49: =(C49*12)/D49 -> 0 | F49: =C49/D49 -> 0
B50: ='AV 1'!N133 -> Desenvolvimento Motor – 5 a 6 anos | C50: ='AV 1'!O163 -> 0 | D50: 29 | E50: =(C50*12)/D50 -> 0 | F50: =C50/D50 -> 0
B51: TOTAL | C51: =SUM(C45:C50) -> 16 | D51: =SUM(D45:D50) -> 140 | E51: =SUM(E45:E50) -> 11.294118 | F51: =C51/D51 -> 0.11428571
B52: IDADE DA CRIANÇA - DESENVOLVIMENTO MOTOR | E52: =E51/12 -> 0.94117647

Sheet PEI AV1
B2: GUIA PORTAGE DE EDUCAÇÃO PRÉ-ESCOLAR
B4: Nome:
B5: Idade: | C5: 6
B6: Avaliador:
B7: Data da Avaliação:
B9: * A tabela abaixo é automática, não sendo necessário o preenchimento. Filtre primeiro Objetivos Prioritários, retire o filtro, e faça novo filtro em Demais Objetivos.
B10: PLANO DE ENSINO INDIVIDUALIZADO
B11: OBJETIVOS PRIORITÁRIOS | C11: DEMAIS OBJETIVOS
B12: SOCIALIZAÇÃO | C12: SOCIALIZAÇÃO
B13: =IF('AV 1'!C13="Às vezes",'AV 1'!B13,"-") -> - | C13: =IF('AV 1'!C13="Não",'AV 1'!B13,"-") -> -
B14: =IF('AV 1'!C14="Às vezes",'AV 1'!B14,"-") -> - | C14: =IF('AV 1'!C14="Não",'AV 1'!B14,"-") -> -
B15: =IF('AV 1'!C15="Às vezes",'AV 1'!B15,"-") -> - | C15: =IF('AV 1'!C15="Não",'AV 1'!B15,"-") -> -
B16: =IF('AV 1'!C16="Às vezes",'AV 1'!B16,"-") -> - | C16: =IF('AV 1'!C16="Não",'AV 1'!B16,"-") -> -
B17: =IF('AV 1'!C17="Às vezes",'AV 1'!B17,"-") -> - | C17: =IF('AV 1'!C17="Não",'AV 1'!B17,"-") -> -
B18: =IF('AV 1'!C18="Às vezes",'AV 1'!B18,"-") -> - | C18: =IF('AV 1'!C18="Não",'AV 1'!B18,"-") -> -
B19: =IF('AV 1'!C19="Às vezes",'AV 1'!B19,"-") -> - | C19: =IF('AV 1'!C19="Não",'AV 1'!B19,"-") -> -
B20: =IF('AV 1'!C20="Às vezes",'AV 1'!B20,"-") -> - | C20: =IF('AV 1'!C20="Não",'AV 1'!B20,"-") -> -
B21: =IF('AV 1'!C21="Às vezes",'AV 1'!B21,"-") -> - | C21: =IF('AV 1'!C21="Não",'AV 1'!B21,"-") -> -
B22: =IF('AV 1'!C22="Às vezes",'AV 1'!B22,"-") -> - | C22: =IF('AV 1'!C22="Não",'AV 1'!B22,"-") -> -
B23: =IF('AV 1'!C23="Às vezes",'AV 1'!B23,"-") -> - | C23: =IF('AV 1'!C23="Não",'AV 1'!B23,"-") -> -
B24: =IF('AV 1'!C24="Às vezes",'AV 1'!B24,"-") -> - | C24: =IF('AV 1'!C24="Não",'AV 1'!B24,"-") -> -
... B105: =IF('AV 1'!C105="Às vezes",'AV 1'!B105,"-") -> - | C105: =IF('AV 1'!C105="Não",'AV 1'!B105,"-") -> -
B106: LINGUAGEM | C106: LINGUAGEM
B107: =IF('AV 1'!F13="Às vezes",'AV 1'!E13,"-") -> - | C107: =IF('AV 1'!F13="Não",'AV 1'!E13,"-") -> -
B108: =IF('AV 1'!F14="Às vezes",'AV 1'!E14,"-") -> - | C108: =IF('AV 1'!F14="Não",'AV 1'!E14,"-") -> -
B109: =IF('AV 1'!F15="Às vezes",'AV 1'!E15,"-") -> - | C109: =IF('AV 1'!F15="Não",'AV 1'!E15,"-") -> -
B110: =IF('AV 1'!F16="Às vezes",'AV 1'!E16,"-") -> - | C110: =IF('AV 1'!F16="Não",'AV 1'!E16,"-") -> -
B111: =IF('AV 1'!F17="Às vezes",'AV 1'!E17,"-") -> - | C111: =IF('AV 1'!F17="Não",'AV 1'!E17,"-") -> -
B112: =IF('AV 1'!F18="Às vezes",'AV 1'!E18,"-") -> - | C112: =IF('AV 1'!F18="Não",'AV 1'!E18,"-") -> -
B113: =IF('AV 1'!F19="Às vezes",'AV 1'!E19,"-") -> - | C113: =IF('AV 1'!F19="Não",'AV 1'!E19,"-") -> -
B114: =IF('AV 1'!F20="Às vezes",'AV 1'!E20,"-") -> - | C114: =IF('AV 1'!F20="Não",'AV 1'!E20,"-") -> -
B115: =IF('AV 1'!F21="Às vezes",'AV 1'!E21,"-") -> - | C115: =IF('AV 1'!F21="Não",'AV 1'!E21,"-") -> -
B116: =IF('AV 1'!F22="Às vezes",'AV 1'!E22,"-") -> - | C116: =IF('AV 1'!F22="Não",'AV 1'!E22,"-") -> -
B117: =IF('AV 1'!F23="Às vezes",'AV 1'!E23,"-") -> - | C117: =IF('AV 1'!F23="Não",'AV 1'!E23,"-") -> -
B118: =IF('AV 1'!F24="Às vezes",'AV 1'!E24,"-") -> - | C118: =IF('AV 1'!F24="Não",'AV 1'!E24,"-") -> -
... B215: =IF('AV 1'!F121="Às vezes",'AV 1'!E121,"-") -> - | C215: =IF('AV 1'!F121="Não",'AV 1'!E121,"-") -> -
B216: COGNIÇÃO | C216: COGNIÇÃO
B217: =IF('AV 1'!I13="Às vezes",'AV 1'!H13,"-") -> - | C217: =IF('AV 1'!I13="Não",'AV 1'!H13,"-") -> -
B218: =IF('AV 1'!I14="Às vezes",'AV 1'!H14,"-") -> - | C218: =IF('AV 1'!I14="Não",'AV 1'!H14,"-") -> -
B219: =IF('AV 1'!I15="Às vezes",'AV 1'!H15,"-") -> - | C219: =IF('AV 1'!I15="Não",'AV 1'!H15,"-") -> -
B220: =IF('AV 1'!I16="Às vezes",'AV 1'!H16,"-") -> - | C220: =IF('AV 1'!I16="Não",'AV 1'!H16,"-") -> -
B221: =IF('AV 1'!I17="Às vezes",'AV 1'!H17,"-") -> - | C221: =IF('AV 1'!I17="Não",'AV 1'!H17,"-") -> -
B222: =IF('AV 1'!I18="Às vezes",'AV 1'!H18,"-") -> - | C222: =IF('AV 1'!I18="Não",'AV 1'!H18,"-") -> -
B223: =IF('AV 1'!I19="Às vezes",'AV 1'!H19,"-") -> - | C223: =IF('AV 1'!I19="Não",'AV 1'!H19,"-") -> -
B224: =IF('AV 1'!I20="Às vezes",'AV 1'!H20,"-") -> - | C224: =IF('AV 1'!I20="Não",'AV 1'!H20,"-") -> -
B225: =IF('AV 1'!I21="Às vezes",'AV 1'!H21,"-") -> - | C225: =IF('AV 1'!I21="Não",'AV 1'!H21,"-") -> -
B226: =IF('AV 1'!I22="Às vezes",'AV 1'!H22,"-") -> - | C226: =IF('AV 1'!I22="Não",'AV 1'!H22,"-") -> -
B227: =IF('AV 1'!I23="Às vezes",'AV 1'!H23,"-") -> - | C227: =IF('AV 1'!I23="Não",'AV 1'!H23,"-") -> -
B228: =IF('AV 1'!I24="Às vezes",'AV 1'!H24,"-") -> - | C228: =IF('AV 1'!I24="Não",'AV 1'!H24,"-") -> -
... B334: =IF('AV 1'!I130="Às vezes",'AV 1'!H130,"-") -> - | C334: =IF('AV 1'!I130="Não",'AV 1'!H130,"-") -> -
B335: =IF('AV 1'!I131="Às vezes",'AV 1'!H131,"-") -> -
B336: AUTOCUIDADOS | C336: AUTOCUIDADOS
B337: =IF('AV 1'!L13="Às vezes",'AV 1'!K13,"-") -> - | C337: =IF('AV 1'!L13="Não",'AV 1'!K13,"-") -> -
B338: =IF('AV 1'!L14="Às vezes",'AV 1'!K14,"-") -> - | C338: =IF('AV 1'!L14="Não",'AV 1'!K14,"-") -> -
B339: =IF('AV 1'!L15="Às vezes",'AV 1'!K15,"-") -> - | C339: =IF('AV 1'!L15="Não",'AV 1'!K15,"-") -> -
B340: =IF('AV 1'!L16="Às vezes",'AV 1'!K16,"-") -> - | C340: =IF('AV 1'!L16="Não",'AV 1'!K16,"-") -> -
B341: =IF('AV 1'!L17="Às vezes",'AV 1'!K17,"-") -> - | C341: =IF('AV 1'!L17="Não",'AV 1'!K17,"-") -> -
B342: =IF('AV 1'!L18="Às vezes",'AV 1'!K18,"-") -> - | C342: =IF('AV 1'!L18="Não",'AV 1'!K18,"-") -> -
B343: =IF('AV 1'!L19="Às vezes",'AV 1'!K19,"-") -> - | C343: =IF('AV 1'!L19="Não",'AV 1'!K19,"-") -> -
B344: =IF('AV 1'!L20="Às vezes",'AV 1'!K20,"-") -> - | C344: =IF('AV 1'!L20="Não",'AV 1'!K20,"-") -> -
B345: =IF('AV 1'!L21="Às vezes",'AV 1'!K21,"-") -> - | C345: =IF('AV 1'!L21="Não",'AV 1'!K21,"-") -> -
B346: =IF('AV 1'!L22="Às vezes",'AV 1'!K22,"-") -> - | C346: =IF('AV 1'!L22="Não",'AV 1'!K22,"-") -> -
B347: =IF('AV 1'!L23="Às vezes",'AV 1'!K23,"-") -> - | C347: =IF('AV 1'!L23="Não",'AV 1'!K23,"-") -> -
B348: =IF('AV 1'!L24="Às vezes",'AV 1'!K24,"-") -> - | C348: =IF('AV 1'!L24="Não",'AV 1'!K24,"-") -> -
... B451: =IF('AV 1'!L127="Às vezes",'AV 1'!K127,"-") -> - | C451: =IF('AV 1'!L127="Não",'AV 1'!K127,"-") -> -
B452: DESENVOLVIMENTO MOTOR | C452: DESENVOLVIMENTO MOTOR
B453: =IF('AV 1'!O13="Às vezes",'AV 1'!N13,"-") -> - | C453: =IF('AV 1'!O13="Não",'AV 1'!N13,"-") -> -
B454: =IF('AV 1'!O14="Às vezes",'AV 1'!N14,"-") -> - | C454: =IF('AV 1'!O14="Não",'AV 1'!N14,"-") -> -
B455: =IF('AV 1'!O15="Às vezes",'AV 1'!N15,"-") -> - | C455: =IF('AV 1'!O15="Não",'AV 1'!N15,"-") -> -
B456: =IF('AV 1'!O16="Às vezes",'AV 1'!N16,"-") -> - | C456: =IF('AV 1'!O16="Não",'AV 1'!N16,"-") -> -
B457: =IF('AV 1'!O17="Às vezes",'AV 1'!N17,"-") -> - | C457: =IF('AV 1'!O17="Não",'AV 1'!N17,"-") -> -
B458: =IF('AV 1'!O18="Às vezes",'AV 1'!N18,"-") -> - | C458: =IF('AV 1'!O18="Não",'AV 1'!N18,"-") -> -
B459: =IF('AV 1'!O19="Às vezes",'AV 1'!N19,"-") -> - | C459: =IF('AV 1'!O19="Não",'AV 1'!N19,"-") -> -
B460: =IF('AV 1'!O20="Às vezes",'AV 1'!N20,"-") -> - | C460: =IF('AV 1'!O20="Não",'AV 1'!N20,"-") -> -
B461: =IF('AV 1'!O21="Às vezes",'AV 1'!N21,"-") -> - | C461: =IF('AV 1'!O21="Não",'AV 1'!N21,"-") -> -
B462: =IF('AV 1'!O22="Às vezes",'AV 1'!N22,"-") -> - | C462: =IF('AV 1'!O22="Não",'AV 1'!N22,"-") -> -
B463: =IF('AV 1'!O23="Às vezes",'AV 1'!N23,"-") -> - | C463: =IF('AV 1'!O23="Não",'AV 1'!N23,"-") -> -
B464: =IF('AV 1'!O24="Às vezes",'AV 1'!N24,"-") -> - | C464: =IF('AV 1'!O24="Não",'AV 1'!N24,"-") -> -
... B602: =IF('AV 1'!O162="Às vezes",'AV 1'!N162,"-") -> - | C602: =IF('AV 1'!O162="Não",'AV 1'!N162,"-") -> -

Sheet AV 2
B2: GUIA PORTAGE DE EDUCAÇÃO PRÉ-ESCOLAR
B4: Nome: | C4: JY Silva
B5: Idade: (insira apenas o número) | C5: 6
B6: Avaliador: | C6: Maria Luiza
B7: Data da Avaliação: | C7: 45737
B9: * Nas tabelas abaixo, insira apenas SIM, NÃO e ÀS VEZES QUE CONSTAM NA LISTA DE OPÇÕES DE CADA CÉLULA. Não digite texto algum, apenas selecione a opção da lista. Os totais e pontos são automáticos.
B10: Legendas: Sim (alcançou): 1 pto | N – Não - ainda não alcançou: 0 pto | AV - Às vezes: 0,5 ptos | NA: Não Avaliado | Total de Acertos = Pontuação Total. Não deixe espaços vazios. Se o item não foi avaliado, marque a opção NA.
B11: SOCIALIZAÇÃO | E11: LINGUAGEM | H11: COGNIÇÃO | K11: AUTOCUIDADOS | N11: DESENVOLVIMENTO MOTOR
B12: Socialização - 0 a 1 ano | C12: Sim/Não/Às vezes | D12: Ptos | E12: Linguagem – 0 a 1 anos | F12: Sim/Não/Às vezes | G12: Ptos | H12: Cognição – 0 a 1 ano | I12: Sim/Não/Às vezes | J12: Ptos | K12: Auto cuidados – 0 a 1 anos | L12: Sim/Não/Às vezes | M12: Ptos | N12: Desenvolvimento Motor – 0 a 1 ano | O12: Sim/Não/Às vezes | P12: Ptos
B13: 01 Observa uma pessoa movimentando-se em seu campo visual. | C13: Sim | D13: =IF(C13="Sim",1,IF(C13="Não",0,IF(C13="Às vezes",0.5,"-"))) -> 1 | E13: 01 Repete sons emitidos por outras pessoas. | G13: =IF(F13="Sim",1,IF(F13="Não",0,IF(F13="Às vezes",0.5,"-"))) -> - | H13: 01 Remove um pano do rosto que obscureça sua visão. | J13: =IF(I13="Sim",1,IF(I13="Não",0,IF(I13="Às vezes",0.5,"-"))) -> - | K13: 01 Suga e deglute líquidos. | M13: =IF(L13="Sim",1,IF(L13="Não",0,IF(L13="Às vezes",0.5,"-"))) -> - | N13: 01 Alcança um objeto colocado à sua frente (15 a 20 cm.). | P13: =IF(O13="Sim",1,IF(O13="Não",0,IF(O13="Às vezes",0.5,"-"))) -> -
B14: 02 Sorri em resposta à atenção do adulto | C14: Não | D14: =IF(C14="Sim",1,IF(C14="Não",0,IF(C14="Às vezes",0.5,"-"))) -> 0 | E14: 02 Repete a mesma sílaba 2 a 3 vezes. | G14: =IF(F14="Sim",1,IF(F14="Não",0,IF(F14="Às vezes",0.5,"-"))) -> - | H14: 02 Procura com o olhar um objeto que foi tirado de seu campo visual. | J14: =IF(I14="Sim",1,IF(I14="Não",0,IF(I14="Às vezes",0.5,"-"))) -> - | K14: 02 Toma mingau / sopinha. | M14: =IF(L14="Sim",1,IF(L14="Não",0,IF(L14="Às vezes",0.5,"-"))) -> - | N14: 02 Apanha um objeto colocado à sua frente (8 cm.). | P14: =IF(O14="Sim",1,IF(O14="Não",0,IF(O14="Às vezes",0.5,"-"))) -> -
B15: 03 Vocaliza em resposta à atenção | C15: Às vezes | D15: =IF(C15="Sim",1,IF(C15="Não",0,IF(C15="Às vezes",0.5,"-"))) -> 0.5 | E15: 03 Responde a gestos com gestos. | G15: =IF(F15="Sim",1,IF(F15="Não",0,IF(F15="Às vezes",0.5,"-"))) -> - | H15: 03 Remove um objeto de um recipiente colocando a mão dentro do mesmo | J15: =IF(I15="Sim",1,IF(I15="Não",0,IF(I15="Às vezes",0.5,"-"))) -> - | K15: 03 Estende as mãos em direção a mamadeira, tentando pegá-la | M15: =IF(L15="Sim",1,IF(L15="Não",0,IF(L15="Às vezes",0.5,"-"))) -> - | N15: 03 Estende os braços em direção a um objeto à sua frente e o apanha. | P15: =IF(O15="Sim",1,IF(O15="Não",0,IF(O15="Às vezes",0.5,"-"))) -> -
B16: 04 Olha para sua própria mão, sorrindo ou vocalizando | C16: NA | D16: =IF(C16="Sim",1,IF(C16="Não",0,IF(C16="Às vezes",0.5,"-"))) -> - | E16: 04 Obedece a uma ordem simples, quando acompanhada de gestos indicativos. | G16: =IF(F16="Sim",1,IF(F16="Não",0,IF(F16="Às vezes",0.5,"-"))) -> - | H16: 04 Coloca um objeto em um recipiente imitando um adulto. | J16: =IF(I16="Sim",1,IF(I16="Não",0,IF(I16="Às vezes",0.5,"-"))) -> - | K16: 04 Come alimentos liquidificados dados pelos pais. | M16: =IF(L16="Sim",1,IF(L16="Não",0,IF(L16="Às vezes",0.5,"-"))) -> - | N16: 04 Alcança um objeto preferido. | P16: =IF(O16="Sim",1,IF(O16="Não",0,IF(O16="Às vezes",0.5,"-"))) -> -
B17: 05 Responde a seu círculo familiar, sorrindo, vocalizando ou parando de chorar | D17: =IF(C17="Sim",1,IF(C17="Não",0,IF(C17="Às vezes",0.5,"-"))) -> - | E17: 05 Interrompe a atividade quando lhe dizem "Não" 75% das vezes. | G17: =IF(F17="Sim",1,IF(F17="Não",0,IF(F17="Às vezes",0.5,"-"))) -> - | H17: 05 Coloca um objeto em um recipiente quando recebe instruções. | J17: =IF(I17="Sim",1,IF(I17="Não",0,IF(I17="Às vezes",0.5,"-"))) -> - | K17: 05 Segura a mamadeira sem ajuda enquanto bebe. | M17: =IF(L17="Sim",1,IF(L17="Não",0,IF(L17="Às vezes",0.5,"-"))) -> - | N17: 05 Coloca objetos na boca. | P17: =IF(O17="Sim",1,IF(O17="Não",0,IF(O17="Às vezes",0.5,"-"))) -> -
B18: 06 Sorri em resposta à expressão facial dos outros. | D18: =IF(C18="Sim",1,IF(C18="Não",0,IF(C18="Às vezes",0.5,"-"))) -> - | E18: 06 Responde a perguntas simples com respostas não verbais. | G18: =IF(F18="Sim",1,IF(F18="Não",0,IF(F18="Às vezes",0.5,"-"))) -> - | H18: 06 Balança um brinquedo que produz som, pendurado em um barbante. | J18: =IF(I18="Sim",1,IF(I18="Não",0,IF(I18="Às vezes",0.5,"-"))) -> - | K18: 06 Leva a mamadeira até a boca ou a recusa, empurrando-a | M18: =IF(L18="Sim",1,IF(L18="Não",0,IF(L18="Às vezes",0.5,"-"))) -> - | N18: 06 Eleva a cabeça e o tronco apoiando-se nos braços, ao estar deitado de barriga para baixo. | P18: =IF(O18="Sim",1,IF(O18="Não",0,IF(O18="Às vezes",0.5,"-"))) -> -
B19: 07 Sorri e vocaliza ao ver sua imagem no espelho | D19: =IF(C19="Sim",1,IF(C19="Não",0,IF(C19="Às vezes",0.5,"-"))) -> - | E19: 07 Combina 2 sílabas diferentes quando tenta verbalizar. | G19: =IF(F19="Sim",1,IF(F19="Não",0,IF(F19="Às vezes",0.5,"-"))) -> - | H19: 07 Coloca três objetos em um recipiente e o esvazia. | J19: =IF(I19="Sim",1,IF(I19="Não",0,IF(I19="Às vezes",0.5,"-"))) -> - | K19: 07 Come alimentos amassados dados pelos pais. | M19: =IF(L19="Sim",1,IF(L19="Não",0,IF(L19="Às vezes",0.5,"-"))) -> - | N19: 07 Levanta a cabeça e o tronco apoiando-se em um só braço. | P19: =IF(O19="Sim",1,IF(O19="Não",0,IF(O19="Às vezes",0.5,"-"))) -> -
B20: 08 Acaricia ou toca no rosto de adultos (puxa cabelo, nariz, óculos, etc.). | D20: =IF(C20="Sim",1,IF(C20="Não",0,IF(C20="Às vezes",0.5,"-"))) -> - | E20: 08 Imita padrões de entonação da voz de outras pessoas. | G20: =IF(F20="Sim",1,IF(F20="Não",0,IF(F20="Às vezes",0.5,"-"))) -> - | H20: 08 Transfere um objeto de uma mão à outra para apanhar outro objeto. | J20: =IF(I20="Sim",1,IF(I20="Não",0,IF(I20="Às vezes",0.5,"-"))) -> - | K20: 08 Bebe em uma caneca, segurada pelos pais. | M20: =IF(L20="Sim",1,IF(L20="Não",0,IF(L20="Às vezes",0.5,"-"))) -> - | N20: 08 Toca e explora objetos com a boca. | P20: =IF(O20="Sim",1,IF(O20="Não",0,IF(O20="Às vezes",0.5,"-"))) -> -
B21: 09 Estende a mão em direção a um objeto oferecido. | D21: =IF(C21="Sim",1,IF(C21="Não",0,IF(C21="Às vezes",0.5,"-"))) -> - | E21: 09 Usa uma palavra funcionalmente para indicar objetos ou pessoas. | G21: =IF(F21="Sim",1,IF(F21="Não",0,IF(F21="Às vezes",0.5,"-"))) -> - | H21: 09 Deixa cair e apanha um brinquedo. | J21: =IF(I21="Sim",1,IF(I21="Não",0,IF(I21="Às vezes",0.5,"-"))) -> - | K21: 09 Come alimentos semissólidos dados pelos pais. | M21: =IF(L21="Sim",1,IF(L21="Não",0,IF(L21="Às vezes",0.5,"-"))) -> - | N21: 09 Em DV (decúbito ventral, de bruços), vira de lado e mantém esta posição ½ das vezes. | P21: =IF(O21="Sim",1,IF(O21="Não",0,IF(O21="Às vezes",0.5,"-"))) -> -
B22: 10 Estende os braços em direção a pessoas familiares | D22: =IF(C22="Sim",1,IF(C22="Não",0,IF(C22="Às vezes",0.5,"-"))) -> - | E22: 10 Vocaliza em resposta à fala de outras pessoas. | G22: =IF(F22="Sim",1,IF(F22="Não",0,IF(F22="Às vezes",0.5,"-"))) -> - | H22: 10 Descobre um objeto escondido sob um recipiente. | J22: =IF(I22="Sim",1,IF(I22="Não",0,IF(I22="Às vezes",0.5,"-"))) -> - | K22: 10 Alimenta-se sozinho usando os dedos. | M22: =IF(L22="Sim",1,IF(L22="Não",0,IF(L22="Às vezes",0.5,"-"))) -> - | N22: 10 Em DV, vira de costas. | P22: =IF(O22="Sim",1,IF(O22="Não",0,IF(O22="Às vezes",0.5,"-"))) -> -
B23: 11 Estende a mão e toca sua imagem refletida no espelho. | D23: =IF(C23="Sim",1,IF(C23="Não",0,IF(C23="Às vezes",0.5,"-"))) -> - | E23: Total de Acertos | F23: =SUM(G13:G22) -> 0 | H23: 11 Empurra 3 blocos como se fosse um comboio. | J23: =IF(I23="Sim",1,IF(I23="Não",0,IF(I23="Às vezes",0.5,"-"))) -> - | K23: 11 Segura a caneca com ambas as mãos e bebe. | M23: =IF(L23="Sim",1,IF(L23="Não",0,IF(L23="Às vezes",0.5,"-"))) -> - | N23: 11 Em DV, move-se para frente o equivalente à sua altura. | P23: =IF(O23="Sim",1,IF(O23="Não",0,IF(O23="Às vezes",0.5,"-"))) -> -
B24: 12 Segura e examina por 1 minuto um objeto que lhe foi dado. | D24: =IF(C24="Sim",1,IF(C24="Não",0,IF(C24="Às vezes",0.5,"-"))) -> - | E24: Linguagem – 1 a 2 anos | H24: 12 Remove um círculo de uma prancha, por imitação. | J24: =IF(I24="Sim",1,IF(I24="Não",0,IF(I24="Às vezes",0.5,"-"))) -> - | K24: 12 Leva a colher cheia de comida até a boca com ajuda. | M24: =IF(L24="Sim",1,IF(L24="Não",0,IF(L24="Às vezes",0.5,"-"))) -> - | N24: 12 Em DD (decúbito dorsal), rola para o lado. | P24: =IF(O24="Sim",1,IF(O24="Não",0,IF(O24="Às vezes",0.5,"-"))) -> -
B25: 13 Sacode ou aperta um objeto colocado em sua mão, produzindo sons involuntários. | D25: =IF(C25="Sim",1,IF(C25="Não",0,IF(C25="Às vezes",0.5,"-"))) -> - | E25: 11 Diz 5 palavras diferentes. | G25: =IF(F25="Sim",1,IF(F25="Não",0,IF(F25="Às vezes",0.5,"-"))) -> - | H25: 13 Coloca um pino redondo em uma prancha de pinos, quando solicitado. | J25: =IF(I25="Sim",1,IF(I25="Não",0,IF(I25="Às vezes",0.5,"-"))) -> - | K25: 13 Estica braços e pernas ao ser vestido. | M25: =IF(L25="Sim",1,IF(L25="Não",0,IF(L25="Às vezes",0.5,"-"))) -> - | N25: 13 Em DD, vira de barriga para baixo. | P25: =IF(O25="Sim",1,IF(O25="Não",0,IF(O25="Às vezes",0.5,"-"))) -> -
B26: 14 Brinca sozinho por 10 minutos. | D26: =IF(C26="Sim",1,IF(C26="Não",0,IF(C26="Às vezes",0.5,"-"))) -> - | E26: 12 Pede "mais". | G26: =IF(F26="Sim",1,IF(F26="Não",0,IF(F26="Às vezes",0.5,"-"))) -> - | H26: 14 Executa gestos simples quando requisitado. | J26: =IF(I26="Sim",1,IF(I26="Não",0,IF(I26="Às vezes",0.5,"-"))) -> - | K26: Total de Acertos | L26: =SUM(M13:M25) -> 0 | N26: 14 Faz esforço para sentar-se, segurando nos dedos do adulto. | P26: =IF(O26="Sim",1,IF(O26="Não",0,IF(O26="Às vezes",0.5,"-"))) -> -
B27: 15 Procura contato visual quando alguém lhe dá atenção por 2 a 3 minutos. | D27: =IF(C27="Sim",1,IF(C27="Não",0,IF(C27="Às vezes",0.5,"-"))) -> - | E27: 13 Diz "acabou". | G27: =IF(F27="Sim",1,IF(F27="Não",0,IF(F27="Às vezes",0.5,"-"))) -> - | H27: Total de Acertos | I27: =SUM(J13:J26) -> 0 | K27: Auto cuidados – 1 a 2 anos | N27: 15 Vira a cabeça com facilidade quando o corpo está apoiado. | P27: =IF(O27="Sim",1,IF(O27="Não",0,IF(O27="Às vezes",0.5,"-"))) -> -
B28: 16 Brinca sozinho sem reclamar por 15 a 20 minutos, próximo de um adulto. | D28: =IF(C28="Sim",1,IF(C28="Não",0,IF(C28="Às vezes",0.5,"-"))) -> - | E28: 14 Obedece a 3 ordens diferentes que não são acompanhadas de gestos indicativos. | G28: =IF(F28="Sim",1,IF(F28="Não",0,IF(F28="Às vezes",0.5,"-"))) -> - | H28: Cognição – 1 a 2 anos | K28: 14 Come com colher de modo independente. | M28: =IF(L28="Sim",1,IF(L28="Não",0,IF(L28="Às vezes",0.5,"-"))) -> - | N28: 16 Mantém-se sentado por 2 minutos. | P28: =IF(O28="Sim",1,IF(O28="Não",0,IF(O28="Às vezes",0.5,"-"))) -> -
B29: 17 Vocaliza para obter atenção | D29: =IF(C29="Sim",1,IF(C29="Não",0,IF(C29="Às vezes",0.5,"-"))) -> - | E29: 15 Consegue "dar" ou "mostrar" quando solicitado. | G29: =IF(F29="Sim",1,IF(F29="Não",0,IF(F29="Às vezes",0.5,"-"))) -> - | H29: 15 Retira 6 objetos de um recipiente, um por vez. | J29: =IF(I29="Sim",1,IF(I29="Não",0,IF(I29="Às vezes",0.5,"-"))) -> - | K29: 15 Segura a caneca com uma só mão e bebe. | M29: =IF(L29="Sim",1,IF(L29="Não",0,IF(L29="Às vezes",0.5,"-"))) -> - | N29: 17 Solta um objeto para apanhar outro. | P29: =IF(O29="Sim",1,IF(O29="Não",0,IF(O29="Às vezes",0.5,"-"))) -> -
B30: 18 Imita adulto em brincadeiras de esconde-esconde | D30: =IF(C30="Sim",1,IF(C30="Não",0,IF(C30="Às vezes",0.5,"-"))) -> - | E30: 16 Aponta para 12 objetos quando nomeados. | G30: =IF(F30="Sim",1,IF(F30="Não",0,IF(F30="Às vezes",0.5,"-"))) -> - | H30: 16 Aponta para uma parte do corpo. | J30: =IF(I30="Sim",1,IF(I30="Não",0,IF(I30="Às vezes",0.5,"-"))) -> - | K30: 16 Coloca a mão na água e dá tapinhas no rosto com as mãos molhadas, imitando alguém. | M30: =IF(L30="Sim",1,IF(L30="Não",0,IF(L30="Às vezes",0.5,"-"))) -> - | N30: 18 Apanha e deixa cair um objeto propositalmente. | P30: =IF(O30="Sim",1,IF(O30="Não",0,IF(O30="Às vezes",0.5,"-"))) -> -
B31: 19 Bate palmas, imitando um adulto | D31: =IF(C31="Sim",1,IF(C31="Não",0,IF(C31="Às vezes",0.5,"-"))) -> - | E31: 17 Aponta para 3 a 5 figuras em um livro. | G31: =IF(F31="Sim",1,IF(F31="Não",0,IF(F31="Às vezes",0.5,"-"))) -> - | H31: 17 Empilha 3 blocos, dada a ordem. | J31: =IF(I31="Sim",1,IF(I31="Não",0,IF(I31="Às vezes",0.5,"-"))) -> - | K31: 17 Senta-se em um piniquinho ou sanitário infantil por 5 min | M31: =IF(L31="Sim",1,IF(L31="Não",0,IF(L31="Às vezes",0.5,"-"))) -> - | N31: 19 Fica em pé com o máximo de apoio. | P31: =IF(O31="Sim",1,IF(O31="Não",0,IF(O31="Às vezes",0.5,"-"))) -> -
B32: 20 Acena a mão, imitando um adulto. | D32: =IF(C32="Sim",1,IF(C32="Não",0,IF(C32="Às vezes",0.5,"-"))) -> - | E32: 18 Aponta para 3 partes de seu próprio corpo. | G32: =IF(F32="Sim",1,IF(F32="Não",0,IF(F32="Às vezes",0.5,"-"))) -> - | H32: 18 Emparelha objetos semelhantes. | J32: =IF(I32="Sim",1,IF(I32="Não",0,IF(I32="Às vezes",0.5,"-"))) -> - | K32: 18 Coloca um chapéu na cabeça e o remove. | M32: =IF(L32="Sim",1,IF(L32="Não",0,IF(L32="Às vezes",0.5,"-"))) -> - | N32: 20 Estando em pé com apoio, pula para cima e para baixo. | P32: =IF(O32="Sim",1,IF(O32="Não",0,IF(O32="Às vezes",0.5,"-"))) -> -
B33: 21 Ergue os braços para expressar “grande”, imitando um adulto | D33: =IF(C33="Sim",1,IF(C33="Não",0,IF(C33="Às vezes",0.5,"-"))) -> - | E33: 19 Diz seu nome ou apelido quando solicitado. | G33: =IF(F33="Sim",1,IF(F33="Não",0,IF(F33="Às vezes",0.5,"-"))) -> - | H33: 19 Faz rabiscos no papel. | J33: =IF(I33="Sim",1,IF(I33="Não",0,IF(I33="Às vezes",0.5,"-"))) -> - | K33: 19 Tira as meias. | M33: =IF(L33="Sim",1,IF(L33="Não",0,IF(L33="Às vezes",0.5,"-"))) -> - | N33: 21 Engatinha para apanhar um objeto (distante a sua altura). | P33: =IF(O33="Sim",1,IF(O33="Não",0,IF(O33="Às vezes",0.5,"-"))) -> -
B34: 22 Oferece algo, mas nem sempre entrega. | D34: =IF(C34="Sim",1,IF(C34="Não",0,IF(C34="Às vezes",0.5,"-"))) -> - | E34: 20 Responde à pergunta "O que é isto?" | G34: =IF(F34="Sim",1,IF(F34="Não",0,IF(F34="Às vezes",0.5,"-"))) -> - | H34: 20 Aponta para si quando perguntam "Cadê o Fulano?" | J34: =IF(I34="Sim",1,IF(I34="Não",0,IF(I34="Às vezes",0.5,"-"))) -> - | K34: 20 Empurra os braços pelas mangas e os pés pelas pernas da calça. | M34: =IF(L34="Sim",1,IF(L34="Não",0,IF(L34="Às vezes",0.5,"-"))) -> - | N34: 22 Senta-se apoiando-se sozinho. | P34: =IF(O34="Sim",1,IF(O34="Não",0,IF(O34="Às vezes",0.5,"-"))) -> -
B35: 23 Abraça, acaricia e beija familiares. | D35: =IF(C35="Sim",1,IF(C35="Não",0,IF(C35="Às vezes",0.5,"-"))) -> - | E35: 21 Combina palavras e gestos para expressar desejos. | G35: =IF(F35="Sim",1,IF(F35="Não",0,IF(F35="Às vezes",0.5,"-"))) -> - | H35: 21 Coloca 5 pinos redondos, dada a ordem. | J35: =IF(I35="Sim",1,IF(I35="Não",0,IF(I35="Às vezes",0.5,"-"))) -> - | K35: 21 Tira os sapatos quando os cordões estiverem desamarrados | M35: =IF(L35="Sim",1,IF(L35="Não",0,IF(L35="Às vezes",0.5,"-"))) -> - | N35: 23 Estando sentado, vira de gatinhas. | P35: =IF(O35="Sim",1,IF(O35="Não",0,IF(O35="Às vezes",0.5,"-"))) -> -
B36: 24 Responde ao próprio nome, olhando ou estendendo o braço para ser pego. | D36: =IF(C36="Sim",1,IF(C36="Não",0,IF(C36="Às vezes",0.5,"-"))) -> - | E36: 22 Nomeia 5 membros da família, incluindo animais. | G36: =IF(F36="Sim",1,IF(F36="Não",0,IF(F36="Às vezes",0.5,"-"))) -> - | H36: 22 Emparelha objetos com a figura do mesmo nome. | J36: =IF(I36="Sim",1,IF(I36="Não",0,IF(I36="Às vezes",0.5,"-"))) -> - | K36: 22 Tira o casaco quando desabotoado. | M36: =IF(L36="Sim",1,IF(L36="Não",0,IF(L36="Às vezes",0.5,"-"))) -> - | N36: 24 Estando em DV consegue sentar-se. | P36: =IF(O36="Sim",1,IF(O36="Não",0,IF(O36="Às vezes",0.5,"-"))) -> -
B37: 25 Aperta ou sacode um brinquedo para produzir sons, em imitação. | D37: =IF(C37="Sim",1,IF(C37="Não",0,IF(C37="Às vezes",0.5,"-"))) -> - | E37: 23 Nomeia 4 brinquedos. | G37: =IF(F37="Sim",1,IF(F37="Não",0,IF(F37="Às vezes",0.5,"-"))) -> - | H37: 23 Aponta para a figura nomeada. | J37: =IF(I37="Sim",1,IF(I37="Não",0,IF(I37="Às vezes",0.5,"-"))) -> - | K37: 23 Tira a calça quando desabotoada. | M37: =IF(L37="Sim",1,IF(L37="Não",0,IF(L37="Às vezes",0.5,"-"))) -> - | N37: 25 Senta-se sem o apoio das mãos. | P37: =IF(O37="Sim",1,IF(O37="Não",0,IF(O37="Às vezes",0.5,"-"))) -> -
B38: 26 Manipula brinquedo ou objeto. | D38: =IF(C38="Sim",1,IF(C38="Não",0,IF(C38="Às vezes",0.5,"-"))) -> - | E38: 24 Produz sons de animais, ou os nomeia pelo som | G38: =IF(F38="Sim",1,IF(F38="Não",0,IF(F38="Às vezes",0.5,"-"))) -> - | H38: 24 Vira as páginas de um livro (2/3 por vez) para encontrar a figura nomeada. | J38: =IF(I38="Sim",1,IF(I38="Não",0,IF(I38="Às vezes",0.5,"-"))) -> - | K38: 24 Puxa um fecho grande para cima e para baixo. | M38: =IF(L38="Sim",1,IF(L38="Não",0,IF(L38="Às vezes",0.5,"-"))) -> - | N38: 26 Atira objetos ao acaso. | P38: =IF(O38="Sim",1,IF(O38="Não",0,IF(O38="Às vezes",0.5,"-"))) -> -
B39: 27 Estende um brinquedo ou objeto a um adulto e o entrega. | D39: =IF(C39="Sim",1,IF(C39="Não",0,IF(C39="Às vezes",0.5,"-"))) -> - | E39: 25 Pede alimentos conhecidos pelo nome, quando mostrados. | G39: =IF(F39="Sim",1,IF(F39="Não",0,IF(F39="Às vezes",0.5,"-"))) -> - | H39: Total de Acertos | I39: =SUM(J29:J38) -> 0 | K39: 25 Utiliza palavras ou gestos indicando necessidade de ir ao banheiro. | M39: =IF(L39="Sim",1,IF(L39="Não",0,IF(L39="Às vezes",0.5,"-"))) -> - | N39: 27 Balança para frente e para trás quando de gatinhas. | P39: =IF(O39="Sim",1,IF(O39="Não",0,IF(O39="Às vezes",0.5,"-"))) -> -
B40: 28 Imita movimentos de outras crianças ao brincar. | D40: =IF(C40="Sim",1,IF(C40="Não",0,IF(C40="Às vezes",0.5,"-"))) -> - | E40: 26 Faz perguntas variando a entonação da voz | G40: =IF(F40="Sim",1,IF(F40="Não",0,IF(F40="Às vezes",0.5,"-"))) -> - | H40: Cognição – 2 a 3 anos | K40: Total de Acertos | L40: =SUM(M28:M39) -> 0 | N40: 28 Transfere objetos de uma mão para outra quando sentado. | P40: =IF(O40="Sim",1,IF(O40="Não",0,IF(O40="Às vezes",0.5,"-"))) -> -
B41: Total de Acertos | C41: =SUM(D13:D40) -> 1.5 | E41: 27 Nomeia 3 partes do corpo em uma boneca ou outra pessoa. | G41: =IF(F41="Sim",1,IF(F41="Não",0,IF(F41="Às vezes",0.5,"-"))) -> - | H41: 25 Encontra determinado livro quando solicitado. | J41: =IF(I41="Sim",1,IF(I41="Não",0,IF(I41="Às vezes",0.5,"-"))) -> - | K41: Auto cuidados – 2 a 3 anos | N41: 29 Retém em uma das mãos 2 cubos de 2,5 cm. | P41: =IF(O41="Sim",1,IF(O41="Não",0,IF(O41="Às vezes",0.5,"-"))) -> -
B42: Socialização – 1 a 2 anos | C42: Sim/Não/Às vezes | D42: Ptos | E42: 28 Responde a perguntas de sim / não. | G42: =IF(F42="Sim",1,IF(F42="Não",0,IF(F42="Às vezes",0.5,"-"))) -> - | H42: 26 Completa um quebra-cabeça de encaixe de 3 peças. | J42: =IF(I42="Sim",1,IF(I42="Não",0,IF(I42="Às vezes",0.5,"-"))) -> - | K42: 26 Alimenta-se sozinho usando colher ou caneca, derrubando um pouco de comida ou derramando pouco líquido. | M42: =IF(L42="Sim",1,IF(L42="Não",0,IF(L42="Às vezes",0.5,"-"))) -> - | N42: 30 Fica de joelhos. | P42: =IF(O42="Sim",1,IF(O42="Não",0,IF(O42="Às vezes",0.5,"-"))) -> -
B43: 29 Imita um adulto em uma tarefa simples. | D43: =IF(C43="Sim",1,IF(C43="Não",0,IF(C43="Às vezes",0.5,"-"))) -> - | E43: Total de Acertos | F43: =SUM(G25:G42) -> 0 | H43: 27 Nomeia 4 objetos comuns em figuras. | J43: =IF(I43="Sim",1,IF(I43="Não",0,IF(I43="Às vezes",0.5,"-"))) -> - | K43: 27 Quando recebe uma toalha enxuga as mãos e o rosto com ajuda | M43: =IF(L43="Sim",1,IF(L43="Não",0,IF(L43="Às vezes",0.5,"-"))) -> - | N43: 31 Fica em pé, apoiando-se em algo. | P43: =IF(O43="Sim",1,IF(O43="Não",0,IF(O43="Às vezes",0.5,"-"))) -> -
B44: 30 Brinca ao lado de outra criança, cada uma realizando tarefas diferentes. | D44: =IF(C44="Sim",1,IF(C44="Não",0,IF(C44="Às vezes",0.5,"-"))) -> - | E44: Linguagem – 2 a 3 anos | H44: 28 Desenha uma linha vertical imitando um adulto. | J44: =IF(I44="Sim",1,IF(I44="Não",0,IF(I44="Às vezes",0.5,"-"))) -> - | K44: 28 Suga líquido do copo ou caneca usando canudinho. | M44: =IF(L44="Sim",1,IF(L44="Não",0,IF(L44="Às vezes",0.5,"-"))) -> - | N44: 32 Usa preensão de pinça para pegar objetos. | P44: =IF(O44="Sim",1,IF(O44="Não",0,IF(O44="Às vezes",0.5,"-"))) -> -
B45: 31 Toma parte em uma brincadeira com outra criança por 2 a 5 minutos. | D45: =IF(C45="Sim",1,IF(C45="Não",0,IF(C45="Às vezes",0.5,"-"))) -> - | E45: 29 Combina substantivos ou adjetivos e substantivos em frases de 2 palavras. | G45: =IF(F45="Sim",1,IF(F45="Não",0,IF(F45="Às vezes",0.5,"-"))) -> - | H45: 29 Desenha uma linha horizontal imitando um adulto. | J45: =IF(I45="Sim",1,IF(I45="Não",0,IF(I45="Às vezes",0.5,"-"))) -> - | K45: 29 Dá garfadas. | M45: =IF(L45="Sim",1,IF(L45="Não",0,IF(L45="Às vezes",0.5,"-"))) -> - | N45: 33 Engatinha. | P45: =IF(O45="Sim",1,IF(O45="Não",0,IF(O45="Às vezes",0.5,"-"))) -> -
B46: 32 Aceita a ausência dos pais, embora possa reclamar. | D46: =IF(C46="Sim",1,IF(C46="Não",0,IF(C46="Às vezes",0.5,"-"))) -> - | E46: 30 Combina substantivo e verbo em frases de 2 palavras | G46: =IF(F46="Sim",1,IF(F46="Não",0,IF(F46="Às vezes",0.5,"-"))) -> - | H46: 30 Copia um círculo. | J46: =IF(I46="Sim",1,IF(I46="Não",0,IF(I46="Às vezes",0.5,"-"))) -> - | K46: 30 Mastiga e engole apenas substâncias comestíveis. | M46: =IF(L46="Sim",1,IF(L46="Não",0,IF(L46="Às vezes",0.5,"-"))) -> - | N46: 34 Estando de gatinhas, estende uma das mãos para o alto. | P46: =IF(O46="Sim",1,IF(O46="Não",0,IF(O46="Às vezes",0.5,"-"))) -> -
B47: 33 Explora ativamente seu meio ambiente. | D47: =IF(C47="Sim",1,IF(C47="Não",0,IF(C47="Às vezes",0.5,"-"))) -> - | E47: 31 Usa uma palavra para indicar que quer ir ao banheiro | G47: =IF(F47="Sim",1,IF(F47="Não",0,IF(F47="Às vezes",0.5,"-"))) -> - | H47: 31 Emparelha objetos com a mesma textura. | J47: =IF(I47="Sim",1,IF(I47="Não",0,IF(I47="Às vezes",0.5,"-"))) -> - | K47: 31 Enxuga as mãos sem ajuda ao lhe darem uma toalha | M47: =IF(L47="Sim",1,IF(L47="Não",0,IF(L47="Às vezes",0.5,"-"))) -> - | N47: 35 Fica em pé com o mínimo de apoio. | P47: =IF(O47="Sim",1,IF(O47="Não",0,IF(O47="Às vezes",0.5,"-"))) -> -
B48: 34 Realiza atividade manipulativa com outra pessoa. | D48: =IF(C48="Sim",1,IF(C48="Não",0,IF(C48="Às vezes",0.5,"-"))) -> - | E48: 32 Combina verbo ou substantivo com "lá" e "aqui" em frases de 2 palavras. | G48: =IF(F48="Sim",1,IF(F48="Não",0,IF(F48="Às vezes",0.5,"-"))) -> - | H48: 32 Aponta o "pequeno" e o "grande" quando solicitado. | J48: =IF(I48="Sim",1,IF(I48="Não",0,IF(I48="Às vezes",0.5,"-"))) -> - | K48: 32 Avisa que quer ir ao banheiro, mesmo sendo tarde demais. | M48: =IF(L48="Sim",1,IF(L48="Não",0,IF(L48="Às vezes",0.5,"-"))) -> - | N48: 36 Lambe a comida ao redor da boca. | P48: =IF(O48="Sim",1,IF(O48="Não",0,IF(O48="Às vezes",0.5,"-"))) -> -
B49: 35 Abraça e carrega uma boneca ou brinquedo macio. | D49: =IF(C49="Sim",1,IF(C49="Não",0,IF(C49="Às vezes",0.5,"-"))) -> - | E49: 33 Combina 2 palavras para expressar posse. | G49: =IF(F49="Sim",1,IF(F49="Não",0,IF(F49="Às vezes",0.5,"-"))) -> - | H49: 33 Desenha (+) imitando um adulto. | J49: =IF(I49="Sim",1,IF(I49="Não",0,IF(I49="Às vezes",0.5,"-"))) -> - | K49: 33 Controla sua baba. | M49: =IF(L49="Sim",1,IF(L49="Não",0,IF(L49="Às vezes",0.5,"-"))) -> - | N49: 37 Mantém-se em pé sozinho por um minuto. | P49: =IF(O49="Sim",1,IF(O49="Não",0,IF(O49="Às vezes",0.5,"-"))) -> -
B50: 36 Repete ações que produzem risos e atenção. | D50: =IF(C50="Sim",1,IF(C50="Não",0,IF(C50="Às vezes",0.5,"-"))) -> - | E50: 34 Emprega "não" na fala | G50: =IF(F50="Sim",1,IF(F50="Não",0,IF(F50="Às vezes",0.5,"-"))) -> - | H50: 34 Emparelha 3 cores. | J50: =IF(I50="Sim",1,IF(I50="Não",0,IF(I50="Às vezes",0.5,"-"))) -> - | K50: 34 Urina ou defeca quando colocado no piniquinho pelo menos 3 vezes por semana. | M50: =IF(L50="Sim",1,IF(L50="Não",0,IF(L50="Às vezes",0.5,"-"))) -> - | N50: 38 Derruba um objeto que está dentro de um recipiente. | P50: =IF(O50="Sim",1,IF(O50="Não",0,IF(O50="Às vezes",0.5,"-"))) -> -
B51: 37 Dá um livro para que um adulto o leia ou para que ambos o compartilhem. | D51: =IF(C51="Sim",1,IF(C51="Não",0,IF(C51="Às vezes",0.5,"-"))) -> - | E51: 35 Responde à pergunta "O que .... está fazendo?" para atividade habituais. | G51: =IF(F51="Sim",1,IF(F51="Não",0,IF(F51="Às vezes",0.5,"-"))) -> - | H51: 35 Coloca objetos dentro, em cima e em baixo de um recipiente, dada a ordem. | J51: =IF(I51="Sim",1,IF(I51="Não",0,IF(I51="Às vezes",0.5,"-"))) -> - | K51: 35 Calça os sapatos. | M51: =IF(L51="Sim",1,IF(L51="Não",0,IF(L51="Às vezes",0.5,"-"))) -> - | N51: 39 Vira várias páginas de um livro ao mesmo tempo. | P51: =IF(O51="Sim",1,IF(O51="Não",0,IF(O51="Às vezes",0.5,"-"))) -> -
B52: 38 Puxa uma pessoa a mostrar-lhe algo. | D52: =IF(C52="Sim",1,IF(C52="Não",0,IF(C52="Às vezes",0.5,"-"))) -> - | E52: 36 Responde a perguntas tipo "Onde está objeto?" | G52: =IF(F52="Sim",1,IF(F52="Não",0,IF(F52="Às vezes",0.5,"-"))) -> - | H52: 36 Nomeia objetos quando ouve o barulho que fazem. | J52: =IF(I52="Sim",1,IF(I52="Não",0,IF(I52="Às vezes",0.5,"-"))) -> - | K52: 36 Escova os dentes imitando um adulto. | M52: =IF(L52="Sim",1,IF(L52="Não",0,IF(L52="Às vezes",0.5,"-"))) -> - | N52: 40 Escava com uma colher ou pá. | P52: =IF(O52="Sim",1,IF(O52="Não",0,IF(O52="Às vezes",0.5,"-"))) -> -
B53: 39 Retira a mão ou diz "não" quando está próximo de um objeto não permitido e alguém o lembra disto. | D53: =IF(C53="Sim",1,IF(C53="Não",0,IF(C53="Às vezes",0.5,"-"))) -> - | E53: 37 Nomeia sons ambientais familiares. | G53: =IF(F53="Sim",1,IF(F53="Não",0,IF(F53="Às vezes",0.5,"-"))) -> - | H53: 37 Monta um brinquedo de encaixe de 4 peças. | J53: =IF(I53="Sim",1,IF(I53="Não",0,IF(I53="Às vezes",0.5,"-"))) -> - | K53: 37 Retira roupas simples que foram desabotoadas. | M53: =IF(L53="Sim",1,IF(L53="Não",0,IF(L53="Às vezes",0.5,"-"))) -> - | N53: 41 Coloca pequenos objetos dentro do recipiente. | P53: =IF(O53="Sim",1,IF(O53="Não",0,IF(O53="Às vezes",0.5,"-"))) -> -
B54: 40 Quando colocado em sua cadeira ou trocador espera ser atendido. | D54: =IF(C54="Sim",1,IF(C54="Não",0,IF(C54="Às vezes",0.5,"-"))) -> - | E54: 38 Dá mais de um objeto quando se usa a forma plural na solicitação. | G54: =IF(F54="Sim",1,IF(F54="Não",0,IF(F54="Às vezes",0.5,"-"))) -> - | H54: 38 Nomeia ações em figuras ("O que ... está fazendo?"). | J54: =IF(I54="Sim",1,IF(I54="Não",0,IF(I54="Às vezes",0.5,"-"))) -> - | K54: 38 Usa o banheiro para defecar (falha apenas 1x por semana). | M54: =IF(L54="Sim",1,IF(L54="Não",0,IF(L54="Às vezes",0.5,"-"))) -> - | N54: 42 Estando de pé, abaixa-se e senta. | P54: =IF(O54="Sim",1,IF(O54="Não",0,IF(O54="Às vezes",0.5,"-"))) -> -
B55: 41 Brinca com 2 ou 3 crianças da sua idade. | D55: =IF(C55="Sim",1,IF(C55="Não",0,IF(C55="Às vezes",0.5,"-"))) -> - | E55: 39 Ao falar, refere-se a si próprio pelo nome. | G55: =IF(F55="Sim",1,IF(F55="Não",0,IF(F55="Às vezes",0.5,"-"))) -> - | H55: 39 Emparelha forma geométrica com a figura da mesma. | J55: =IF(I55="Sim",1,IF(I55="Não",0,IF(I55="Às vezes",0.5,"-"))) -> - | K55: 39 Obtém água de uma torneira sem ajuda. | M55: =IF(L55="Sim",1,IF(L55="Não",0,IF(L55="Às vezes",0.5,"-"))) -> - | N55: 43 Bate palmas. | P55: =IF(O55="Sim",1,IF(O55="Não",0,IF(O55="Às vezes",0.5,"-"))) -> -
B56: 42 Compartilha um objeto ou alimento com outra criança. | D56: =IF(C56="Sim",1,IF(C56="Não",0,IF(C56="Às vezes",0.5,"-"))) -> - | E56: 40 Aponta para figuras de objetos comuns descritos pelo uso (até 10) ("O que se usa pra comer? = colher") | G56: =IF(F56="Sim",1,IF(F56="Não",0,IF(F56="Às vezes",0.5,"-"))) -> - | H56: 40 Empilha 5 ou mais argolas em uma vara na ordem. | J56: =IF(I56="Sim",1,IF(I56="Não",0,IF(I56="Às vezes",0.5,"-"))) -> - | K56: 40 Lava as mãos e o rosto com um sabonete. | M56: =IF(L56="Sim",1,IF(L56="Não",0,IF(L56="Às vezes",0.5,"-"))) -> - | N56: 44 Anda com um mínimo de apoio. | P56: =IF(O56="Sim",1,IF(O56="Não",0,IF(O56="Às vezes",0.5,"-"))) -> -
B57: 43 Cumprimenta colegas ou adultos quando lembrado. | D57: =IF(C57="Sim",1,IF(C57="Não",0,IF(C57="Às vezes",0.5,"-"))) -> - | E57: 41 Mostra a idade pelos dedos. | G57: =IF(F57="Sim",1,IF(F57="Não",0,IF(F57="Às vezes",0.5,"-"))) -> - | H57: Total de Acertos | I57: =SUM(J41:J56) -> 0 | K57: 41 Avisa que quer ir ao banheiro durante o dia a tempo. | M57: =IF(L57="Sim",1,IF(L57="Não",0,IF(L57="Às vezes",0.5,"-"))) -> - | N57: 45 Dá alguns passos sem apoio. | P57: =IF(O57="Sim",1,IF(O57="Não",0,IF(O57="Às vezes",0.5,"-"))) -> -
B58: Total de Acertos | C58: =SUM(D43:D57) -> 0 | E58: 42 Diz seu sexo quando solicitado. | G58: =IF(F58="Sim",1,IF(F58="Não",0,IF(F58="Às vezes",0.5,"-"))) -> - | H58: Cognição – 3 a 4 anos | K58: 42 Pendura o casaco em um gancho da sua altura. | M58: =IF(L58="Sim",1,IF(L58="Não",0,IF(L58="Às vezes",0.5,"-"))) -> - | N58: Total de Acertos | O58: =SUM(P13:P57) -> 0
B59: Socialização – 2 a 3 anos | C59: Sim/Não/Às vezes | D59: Ptos | E59: 43 Obedece à seqüência de duas ordens relacionadas. | G59: =IF(F59="Sim",1,IF(F59="Não",0,IF(F59="Às vezes",0.5,"-"))) -> - | H59: 41 Nomeia objetos como sendo grandes ou pequenos. | J59: =IF(I59="Sim",1,IF(I59="Não",0,IF(I59="Às vezes",0.5,"-"))) -> - | K59: 43 Permanece seco ao dormir durante o dia. | M59: =IF(L59="Sim",1,IF(L59="Não",0,IF(L59="Às vezes",0.5,"-"))) -> - | N59: Desenvolvimento Motor – 1 a 2 anos
B60: 44 Obedece às ordens dos pais pelo menos ½ das vezes. | D60: =IF(C60="Sim",1,IF(C60="Não",0,IF(C60="Às vezes",0.5,"-"))) -> - | E60: 44 Usa a forma do verbo no gerúndio. | G60: =IF(F60="Sim",1,IF(F60="Não",0,IF(F60="Às vezes",0.5,"-"))) -> - | H60: 42 Aponta para 10 partes do corpo quando requisitado. | J60: =IF(I60="Sim",1,IF(I60="Não",0,IF(I60="Às vezes",0.5,"-"))) -> - | K60: 44 Evita riscos, por ex: pontas em móveis e escadas sem corrimão. | M60: =IF(L60="Sim",1,IF(L60="Não",0,IF(L60="Às vezes",0.5,"-"))) -> - | N60: 46 Sobe escadas engatinhando. | P60: =IF(O60="Sim",1,IF(O60="Não",0,IF(O60="Às vezes",0.5,"-"))) -> -
B61: 45 Busca / leva um objeto ou pessoa, quando solicitado. | D61: =IF(C61="Sim",1,IF(C61="Não",0,IF(C61="Às vezes",0.5,"-"))) -> - | E61: 45 Emprega formas regulares no plural. | G61: =IF(F61="Sim",1,IF(F61="Não",0,IF(F61="Às vezes",0.5,"-"))) -> - | H61: 43 Aponta para menino e menina, dada a ordem. | J61: =IF(I61="Sim",1,IF(I61="Não",0,IF(I61="Às vezes",0.5,"-"))) -> - | K61: 45 Usa guardanapo quando recomendado. | M61: =IF(L61="Sim",1,IF(L61="Não",0,IF(L61="Às vezes",0.5,"-"))) -> - | N61: 47 Coloca-se em pé, estando sentado. | P61: =IF(O61="Sim",1,IF(O61="Não",0,IF(O61="Às vezes",0.5,"-"))) -> -
B62: 46 Presta atenção à estória ou música por 5 a 10 min. | D62: =IF(C62="Sim",1,IF(C62="Não",0,IF(C62="Às vezes",0.5,"-"))) -> - | E62: 46 Emprega algumas formas irregulares de verbos no passado de forma sistemática. | G62: =IF(F62="Sim",1,IF(F62="Não",0,IF(F62="Às vezes",0.5,"-"))) -> - | H62: 44 Diz se um objeto é pesado ou leve. | J62: =IF(I62="Sim",1,IF(I62="Não",0,IF(I62="Às vezes",0.5,"-"))) -> - | K62: 46 Espeta o garfo na comida, levando-a a boca. | M62: =IF(L62="Sim",1,IF(L62="Não",0,IF(L62="Às vezes",0.5,"-"))) -> - | N62: 48 Rola uma bola imitando um adulto. | P62: =IF(O62="Sim",1,IF(O62="Não",0,IF(O62="Às vezes",0.5,"-"))) -> -
B63: 47 Diz "Por favor" ou "Obrigado" quando lembrado. | D63: =IF(C63="Sim",1,IF(C63="Não",0,IF(C63="Às vezes",0.5,"-"))) -> - | E63: 47 Faz perguntas do tipo "O que é isso?" | G63: =IF(F63="Sim",1,IF(F63="Não",0,IF(F63="Às vezes",0.5,"-"))) -> - | H63: 45 Une 2 partes de uma figura para formar o todo. | J63: =IF(I63="Sim",1,IF(I63="Não",0,IF(I63="Às vezes",0.5,"-"))) -> - | K63: 47 Despeja líquido de uma peq. jarra para o copo sem ajuda. | M63: =IF(L63="Sim",1,IF(L63="Não",0,IF(L63="Às vezes",0.5,"-"))) -> - | N63: 49 Sobe em uma cadeira de adulto, vira-se e senta. | P63: =IF(O63="Sim",1,IF(O63="Não",0,IF(O63="Às vezes",0.5,"-"))) -> -
B64: 48 Tenta ajudar os pais a executarem tarefas realizando parte da mesma | D64: =IF(C64="Sim",1,IF(C64="Não",0,IF(C64="Às vezes",0.5,"-"))) -> - | E64: 48 Controla o volume da voz 90% das vezes. | G64: =IF(F64="Sim",1,IF(F64="Não",0,IF(F64="Às vezes",0.5,"-"))) -> - | H64: 46 Descreve 2 eventos ou personagens de uma estória familiar ou programa de televisão. | J64: =IF(I64="Sim",1,IF(I64="Não",0,IF(I64="Às vezes",0.5,"-"))) -> - | K64: 48 Desprende roupas presas com o feixe de pressão. | M64: =IF(L64="Sim",1,IF(L64="Não",0,IF(L64="Às vezes",0.5,"-"))) -> - | N64: 50 Coloca 4 aros em uma pequena estaca. | P64: =IF(O64="Sim",1,IF(O64="Não",0,IF(O64="Às vezes",0.5,"-"))) -> -
B65: 49 Brinca de usar roupas de adultos. | D65: =IF(C65="Sim",1,IF(C65="Não",0,IF(C65="Às vezes",0.5,"-"))) -> - | E65: 49 Usa "este / esta" e "aquele / aquela" na fala. | G65: =IF(F65="Sim",1,IF(F65="Não",0,IF(F65="Às vezes",0.5,"-"))) -> - | H65: 47 Repete brincadeiras (rimas ou canções) que envolvam movimentos coordenados. | J65: =IF(I65="Sim",1,IF(I65="Não",0,IF(I65="Às vezes",0.5,"-"))) -> - | K65: 49 Lava seus braços e pernas ao lhe darem banho. | M65: =IF(L65="Sim",1,IF(L65="Não",0,IF(L65="Às vezes",0.5,"-"))) -> - | N65: 51 Retira pinos de 2,5 cm de uma prancha ou tabuleiro. | P65: =IF(O65="Sim",1,IF(O65="Não",0,IF(O65="Às vezes",0.5,"-"))) -> -
B66: 50 Faz uma escolha quando indagado. | D66: =IF(C66="Sim",1,IF(C66="Não",0,IF(C66="Às vezes",0.5,"-"))) -> - | E66: 50 Emprega "é" e "está" em frases simples. | G66: =IF(F66="Sim",1,IF(F66="Não",0,IF(F66="Às vezes",0.5,"-"))) -> - | H66: 48 Emparelha 3 ou mais objetos. | J66: =IF(I66="Sim",1,IF(I66="Não",0,IF(I66="Às vezes",0.5,"-"))) -> - | K66: 50 Coloca meias. | M66: =IF(L66="Sim",1,IF(L66="Não",0,IF(L66="Às vezes",0.5,"-"))) -> - | N66: 52 Encaixa pinos de 2,5 cm em uma prancha de encaixe. | P66: =IF(O66="Sim",1,IF(O66="Não",0,IF(O66="Às vezes",0.5,"-"))) -> -
B67: 51 Demonstra entender sentimentos, expressando-os. | D67: =IF(C67="Sim",1,IF(C67="Não",0,IF(C67="Às vezes",0.5,"-"))) -> - | E67: 51 Diz "eu", "mim", "meu" ao invés do próprio nome. | G67: =IF(F67="Sim",1,IF(F67="Não",0,IF(F67="Às vezes",0.5,"-"))) -> - | H67: 49 Aponta para objetos compridos ou curtos. | J67: =IF(I67="Sim",1,IF(I67="Não",0,IF(I67="Às vezes",0.5,"-"))) -> - | K67: 51 Veste casaco, malha ou camisa. | M67: =IF(L67="Sim",1,IF(L67="Não",0,IF(L67="Às vezes",0.5,"-"))) -> - | N67: 53 Constrói uma torre de 3 blocos. | P67: =IF(O67="Sim",1,IF(O67="Não",0,IF(O67="Às vezes",0.5,"-"))) -> -
B68: Total de Acertos | C68: =SUM(D60:D67) -> 0 | E68: 52 Aponta objetos e diz que eles não são outras coisas | G68: =IF(F68="Sim",1,IF(F68="Não",0,IF(F68="Às vezes",0.5,"-"))) -> - | H68: 50 Associa objetos correspondentes. Ex: meia/sapato. | J68: =IF(I68="Sim",1,IF(I68="Não",0,IF(I68="Às vezes",0.5,"-"))) -> - | K68: 52 Identifica a parte dianteira da roupa. | M68: =IF(L68="Sim",1,IF(L68="Não",0,IF(L68="Às vezes",0.5,"-"))) -> - | N68: 54 Faz traços no papel com lápis ou lápis de cera. | P68: =IF(O68="Sim",1,IF(O68="Não",0,IF(O68="Às vezes",0.5,"-"))) -> -
B69: Socialização – 3 a 4 anos | E69: 53 Responde à pergunta "Quem?" dando um nome | G69: =IF(F69="Sim",1,IF(F69="Não",0,IF(F69="Às vezes",0.5,"-"))) -> - | H69: 51 Conta até 3 imitando um adulto. | J69: =IF(I69="Sim",1,IF(I69="Não",0,IF(I69="Às vezes",0.5,"-"))) -> - | K69: Total de Acertos | L69: =SUM(M42:M68) -> 0 | N69: 55 Anda sozinho. | P69: =IF(O69="Sim",1,IF(O69="Não",0,IF(O69="Às vezes",0.5,"-"))) -> -
B70: 52 Canta e dança ao ouvir músicas. | D70: =IF(C70="Sim",1,IF(C70="Não",0,IF(C70="Às vezes",0.5,"-"))) -> - | E70: 54 Emprega as formas possessivas dos substantivos. | G70: =IF(F70="Sim",1,IF(F70="Não",0,IF(F70="Às vezes",0.5,"-"))) -> - | H70: 52 Agrupa objetos em categorias. | J70: =IF(I70="Sim",1,IF(I70="Não",0,IF(I70="Às vezes",0.5,"-"))) -> - | K70: Auto cuidados – 3 a 4 anos | N70: 56 Desce escadas sentado, colocando primeiro os pés. | P70: =IF(O70="Sim",1,IF(O70="Não",0,IF(O70="Às vezes",0.5,"-"))) -> -
B71: 53 Segue regras de um jogo imitando ações de outras crianças. | D71: =IF(C71="Sim",1,IF(C71="Não",0,IF(C71="Às vezes",0.5,"-"))) -> - | E71: 55 Usa artigos ao falar. | G71: =IF(F71="Sim",1,IF(F71="Não",0,IF(F71="Às vezes",0.5,"-"))) -> - | H71: 53 Traça um (V) em imitação. | J71: =IF(I71="Sim",1,IF(I71="Não",0,IF(I71="Às vezes",0.5,"-"))) -> - | K71: 53 Alimenta-se sozinho por toda a refeição. | M71: =IF(L71="Sim",1,IF(L71="Não",0,IF(L71="Às vezes",0.5,"-"))) -> - | N71: 57 Senta-se em uma cadeirinha. | P71: =IF(O71="Sim",1,IF(O71="Não",0,IF(O71="Às vezes",0.5,"-"))) -> -
B72: 54 Cumprimenta pessoas familiares sem ser lembrado. | D72: =IF(C72="Sim",1,IF(C72="Não",0,IF(C72="Às vezes",0.5,"-"))) -> - | E72: 56 Usa substantivos que indicam grupo ou categoria. | G72: =IF(F72="Sim",1,IF(F72="Não",0,IF(F72="Às vezes",0.5,"-"))) -> - | H72: 54 Traça uma linha diagonal dado o exemplo. | J72: =IF(I72="Sim",1,IF(I72="Não",0,IF(I72="Às vezes",0.5,"-"))) -> - | K72: 54 Veste-se só, precisando de ajuda apenas quanto há malhas ou camisetas com golas fechadas ou botões e fechos. | M72: =IF(L72="Sim",1,IF(L72="Não",0,IF(L72="Às vezes",0.5,"-"))) -> - | N72: 58 Agacha-se e volta a ficar em pé. | P72: =IF(O72="Sim",1,IF(O72="Não",0,IF(O72="Às vezes",0.5,"-"))) -> -
B73: 55 Seguem regras em jogos de grupos dirigidos por adultos. | D73: =IF(C73="Sim",1,IF(C73="Não",0,IF(C73="Às vezes",0.5,"-"))) -> - | E73: 57 Usa os verbos "ser", "estar" e "ter" no presente com poucos erros. | G73: =IF(F73="Sim",1,IF(F73="Não",0,IF(F73="Às vezes",0.5,"-"))) -> - | H73: 55 Conta até 10 objetos, imitando um adulto. | J73: =IF(I73="Sim",1,IF(I73="Não",0,IF(I73="Às vezes",0.5,"-"))) -> - | K73: 55 Enxuga o nariz quando lembrado. | M73: =IF(L73="Sim",1,IF(L73="Não",0,IF(L73="Às vezes",0.5,"-"))) -> - | N73: 59 Empurra e puxa brinquedos ao andar. | P73: =IF(O73="Sim",1,IF(O73="Não",0,IF(O73="Às vezes",0.5,"-"))) -> -
B74: 56 Pede permissão para brincar com um brinquedo que está sendo usado por outra criança | D74: =IF(C74="Sim",1,IF(C74="Não",0,IF(C74="Às vezes",0.5,"-"))) -> - | E74: 58 Diz se os objetos estão abertos ou fechados. | G74: =IF(F74="Sim",1,IF(F74="Não",0,IF(F74="Às vezes",0.5,"-"))) -> - | H74: 56 Constrói uma ponte com 3 blocos por imitação. | J74: =IF(I74="Sim",1,IF(I74="Não",0,IF(I74="Às vezes",0.5,"-"))) -> - | K74: 56 Acorda seco 2 manhãs por semana | M74: =IF(L74="Sim",1,IF(L74="Não",0,IF(L74="Às vezes",0.5,"-"))) -> - | N74: 60 Usa cadeira ou cavalo de balanço. | P74: =IF(O74="Sim",1,IF(O74="Não",0,IF(O74="Às vezes",0.5,"-"))) -> -
B75: 57 Diz "Por favor" e "Obrigado" sem ser lembrado ½ das vezes. | D75: =IF(C75="Sim",1,IF(C75="Não",0,IF(C75="Às vezes",0.5,"-"))) -> - | E75: Total de Acertos | F75: =SUM(G45:G74) -> 0 | H75: 57 Emparelha uma sequência ou padrão (tamanho, cor) de blocos ou contas. | J75: =IF(I75="Sim",1,IF(I75="Não",0,IF(I75="Às vezes",0.5,"-"))) -> - | K75: 57 Se menino, urina no sanitário, em pé | M75: =IF(L75="Sim",1,IF(L75="Não",0,IF(L75="Às vezes",0.5,"-"))) -> - | N75: 61 Sobe escadas com ajuda. | P75: =IF(O75="Sim",1,IF(O75="Não",0,IF(O75="Às vezes",0.5,"-"))) -> -
B76: 58 Atende ao telefone, chamando um adulto e falando com pessoas familiares. | D76: =IF(C76="Sim",1,IF(C76="Não",0,IF(C76="Às vezes",0.5,"-"))) -> - | E76: Linguagem – 3 a 4 anos | H76: 58 Copia uma série de (V) interligados. | J76: =IF(I76="Sim",1,IF(I76="Não",0,IF(I76="Às vezes",0.5,"-"))) -> - | K76: 58 Veste-se e despe-se sozinho, exceto quanto à botões e fechos em 75% das vezes. | M76: =IF(L76="Sim",1,IF(L76="Não",0,IF(L76="Às vezes",0.5,"-"))) -> - | N76: 62 Dobra o corpo sem cair para apanhar objetos no chão. | P76: =IF(O76="Sim",1,IF(O76="Não",0,IF(O76="Às vezes",0.5,"-"))) -> -
B77: 59 Espera a sua vez. | D77: =IF(C77="Sim",1,IF(C77="Não",0,IF(C77="Às vezes",0.5,"-"))) -> - | E77: 59 Expressa diminutivos e aumentativos quando fala. | G77: =IF(F77="Sim",1,IF(F77="Não",0,IF(F77="Às vezes",0.5,"-"))) -> - | H77: 59 Acrescenta perna ou braço em um desenho incompleto da figura humana. | J77: =IF(I77="Sim",1,IF(I77="Não",0,IF(I77="Às vezes",0.5,"-"))) -> - | K77: 59 Fecha a roupa com fechos de pressão ou de gancho. | M77: =IF(L77="Sim",1,IF(L77="Não",0,IF(L77="Às vezes",0.5,"-"))) -> - | N77: 63 Imita um movimento circular. | P77: =IF(O77="Sim",1,IF(O77="Não",0,IF(O77="Às vezes",0.5,"-"))) -> -
B78: 60 Segue regras em jogos dirigidos por uma criança mais velha. | D78: =IF(C78="Sim",1,IF(C78="Não",0,IF(C78="Às vezes",0.5,"-"))) -> - | E78: 60 Presta atenção por 5 minutos a uma estória lida | G78: =IF(F78="Sim",1,IF(F78="Não",0,IF(F78="Às vezes",0.5,"-"))) -> - | H78: 60 Completa um quebra-cabeças de 6 peças. | J78: =IF(I78="Sim",1,IF(I78="Não",0,IF(I78="Às vezes",0.5,"-"))) -> - | K78: 60 Assoa o nariz quando lembrado. | M78: =IF(L78="Sim",1,IF(L78="Não",0,IF(L78="Às vezes",0.5,"-"))) -> - | N78: Total de Acertos | O78: =SUM(P60:P77) -> 0
B79: 61 Obedece às ordens de um adulto 75% das vezes. (3 vezes a cada 4 tentativas) | D79: =IF(C79="Sim",1,IF(C79="Não",0,IF(C79="Às vezes",0.5,"-"))) -> - | E79: 61 Obedece à sequência de 2 ordens não relacionadas. | G79: =IF(F79="Sim",1,IF(F79="Não",0,IF(F79="Às vezes",0.5,"-"))) -> - | H79: 61 Indica se os objetos são iguais ou diferentes. | J79: =IF(I79="Sim",1,IF(I79="Não",0,IF(I79="Às vezes",0.5,"-"))) -> - | K79: 61 Evita perigos corriqueiros, por ex: caco de vidro. | M79: =IF(L79="Sim",1,IF(L79="Não",0,IF(L79="Às vezes",0.5,"-"))) -> - | N79: Desenvolvimento Motor – 2 a 3 anos
B80: 62 Permanece em seu próprio quintal ou jardim | D80: =IF(C80="Sim",1,IF(C80="Não",0,IF(C80="Às vezes",0.5,"-"))) -> - | E80: 62 Diz seu nome completo quando solicitado. | G80: =IF(F80="Sim",1,IF(F80="Não",0,IF(F80="Às vezes",0.5,"-"))) -> - | H80: 62 Desenha um quadrado imitando um adulto. | J80: =IF(I80="Sim",1,IF(I80="Não",0,IF(I80="Às vezes",0.5,"-"))) -> - | K80: 62 Pendura roupa no cabide e põe no armário quando pedem. | M80: =IF(L80="Sim",1,IF(L80="Não",0,IF(L80="Às vezes",0.5,"-"))) -> - | N80: 64 Enfia 4 contas grandes em um cordão em 2 minutos. | P80: =IF(O80="Sim",1,IF(O80="Não",0,IF(O80="Às vezes",0.5,"-"))) -> -
B81: 63 Brinca perto de outras crianças conversando com elas enquanto trabalha em um projeto próprio (30 min.). | D81: =IF(C81="Sim",1,IF(C81="Não",0,IF(C81="Às vezes",0.5,"-"))) -> - | E81: 63 Responde perguntas simples envolvendo "Como". | G81: =IF(F81="Sim",1,IF(F81="Não",0,IF(F81="Às vezes",0.5,"-"))) -> - | H81: 63 Nomeia 3 cores sendo requisitado. | J81: =IF(I81="Sim",1,IF(I81="Não",0,IF(I81="Às vezes",0.5,"-"))) -> - | K81: 63 Escova os dentes quando recebe instrução. | M81: =IF(L81="Sim",1,IF(L81="Não",0,IF(L81="Às vezes",0.5,"-"))) -> - | N81: 65 Vira trincos ou maçanetas em portas. | P81: =IF(O81="Sim",1,IF(O81="Não",0,IF(O81="Às vezes",0.5,"-"))) -> -
B82: Total de Acertos | C82: =SUM(D70:D81) -> 0 | E82: 64 Emprega verbos regulares, no passado. | G82: =IF(F82="Sim",1,IF(F82="Não",0,IF(F82="Às vezes",0.5,"-"))) -> - | H82: 64 Nomeia 3 formas geométricas (quadrado, triângulo e círculo). | J82: =IF(I82="Sim",1,IF(I82="Não",0,IF(I82="Às vezes",0.5,"-"))) -> - | K82: 64 Coloca luvas. | M82: =IF(L82="Sim",1,IF(L82="Não",0,IF(L82="Às vezes",0.5,"-"))) -> - | N82: 66 Salta no mesmo local com ambos os pés. | P82: =IF(O82="Sim",1,IF(O82="Não",0,IF(O82="Às vezes",0.5,"-"))) -> -
B83: Socialização – 4 a 5 anos | E83: 65 Relata experiências imediatas. | G83: =IF(F83="Sim",1,IF(F83="Não",0,IF(F83="Às vezes",0.5,"-"))) -> - | H83: Total de Acertos | I83: =SUM(J59:J82) -> 0 | K83: 65 Desabotoa botões grandes | M83: =IF(L83="Sim",1,IF(L83="Não",0,IF(L83="Às vezes",0.5,"-"))) -> - | N83: 67 Anda de costas. | P83: =IF(O83="Sim",1,IF(O83="Não",0,IF(O83="Às vezes",0.5,"-"))) -> -
B84: 64 Pede ajuda quando está tendo dificuldades. | D84: =IF(C84="Sim",1,IF(C84="Não",0,IF(C84="Às vezes",0.5,"-"))) -> - | E84: 66 Diz como são usados objetos comuns. | G84: =IF(F84="Sim",1,IF(F84="Não",0,IF(F84="Às vezes",0.5,"-"))) -> - | H84: Cognição – 4 a 5 anos | K84: 66 Abotoa botões grandes. | M84: =IF(L84="Sim",1,IF(L84="Não",0,IF(L84="Às vezes",0.5,"-"))) -> - | N84: 68 Desce escadas sem ajuda. | P84: =IF(O84="Sim",1,IF(O84="Não",0,IF(O84="Às vezes",0.5,"-"))) -> -
B85: 65 Contribui para a conversa de adultos. | D85: =IF(C85="Sim",1,IF(C85="Não",0,IF(C85="Às vezes",0.5,"-"))) -> - | E85: 67 Expressa ações futuras empregando os verbos "ir", "ter" e "querer". | G85: =IF(F85="Sim",1,IF(F85="Não",0,IF(F85="Às vezes",0.5,"-"))) -> - | H85: 65 Apanha de 1 a 5 objetos quando solicitado. | J85: =IF(I85="Sim",1,IF(I85="Não",0,IF(I85="Às vezes",0.5,"-"))) -> - | K85: 67 Calça botas. | M85: =IF(L85="Sim",1,IF(L85="Não",0,IF(L85="Às vezes",0.5,"-"))) -> - | N85: 69 Atira uma bola a um adulto à 1 ½ de distância. | P85: =IF(O85="Sim",1,IF(O85="Não",0,IF(O85="Às vezes",0.5,"-"))) -> -
B86: 66 Repete rimas, canções ou dança para os outros. | D86: =IF(C86="Sim",1,IF(C86="Não",0,IF(C86="Às vezes",0.5,"-"))) -> - | E86: 68 Utiliza adequadamente masculino e feminino na fala. | G86: =IF(F86="Sim",1,IF(F86="Não",0,IF(F86="Às vezes",0.5,"-"))) -> - | H86: 66 Nomeia 5 texturas diferentes. | J86: =IF(I86="Sim",1,IF(I86="Não",0,IF(I86="Às vezes",0.5,"-"))) -> - | K86: Total de Acertos | L86: =SUM(M71:M85) -> 0 | N86: 70 Constrói uma torre de 5 a 6 blocos. | P86: =IF(O86="Sim",1,IF(O86="Não",0,IF(O86="Às vezes",0.5,"-"))) -> -
B87: 67 Faz uma tarefa sozinha por 20 a 30 minutos. | D87: =IF(C87="Sim",1,IF(C87="Não",0,IF(C87="Às vezes",0.5,"-"))) -> - | E87: 69 Usa formas imperativas de verbos ao pedir favores. | G87: =IF(F87="Sim",1,IF(F87="Não",0,IF(F87="Às vezes",0.5,"-"))) -> - | H87: 67 Copia um triângulo ao ser requisitado. | J87: =IF(I87="Sim",1,IF(I87="Não",0,IF(I87="Às vezes",0.5,"-"))) -> - | K87: Auto cuidados – 4 a 5 anos | N87: 71 Vira páginas de um livro, uma por vez. | P87: =IF(O87="Sim",1,IF(O87="Não",0,IF(O87="Às vezes",0.5,"-"))) -> -
B88: 68 Pede desculpas sem ser lembrado 75% das vezes. | D88: =IF(C88="Sim",1,IF(C88="Não",0,IF(C88="Às vezes",0.5,"-"))) -> - | E88: 70 Conta 2 fatos na ordem de ocorrência. | G88: =IF(F88="Sim",1,IF(F88="Não",0,IF(F88="Às vezes",0.5,"-"))) -> - | H88: 68 Recorda-se de 4 objetos que haviam sido vistos em uma figura. | J88: =IF(I88="Sim",1,IF(I88="Não",0,IF(I88="Às vezes",0.5,"-"))) -> - | K88: 68 Limpa o que derramou por conta própria. | M88: =IF(L88="Sim",1,IF(L88="Não",0,IF(L88="Às vezes",0.5,"-"))) -> - | N88: 72 Desembrulha um pequeno objeto. | P88: =IF(O88="Sim",1,IF(O88="Não",0,IF(O88="Às vezes",0.5,"-"))) -> -
B89: 69 Espera sua vez em brincadeiras que envolvam de 8 a 9 crianças. | D89: =IF(C89="Sim",1,IF(C89="Não",0,IF(C89="Às vezes",0.5,"-"))) -> - | E89: Total de Acertos | F89: =SUM(G77:G88) -> 0 | H89: 69 Diz o momento do dia associado a cada atividade. | J89: =IF(I89="Sim",1,IF(I89="Não",0,IF(I89="Às vezes",0.5,"-"))) -> - | K89: 69 Evita veneno e todas as substâncias prejudiciais. | M89: =IF(L89="Sim",1,IF(L89="Não",0,IF(L89="Às vezes",0.5,"-"))) -> - | N89: 73 Dobra um papel ao meio, imitando um adulto. | P89: =IF(O89="Sim",1,IF(O89="Não",0,IF(O89="Às vezes",0.5,"-"))) -> -
B90: 70 Brinca com 2 a 3 crianças por 20 min. em uma atividade que envolva cooperação. | D90: =IF(C90="Sim",1,IF(C90="Não",0,IF(C90="Às vezes",0.5,"-"))) -> - | E90: Linguagem – 4 a 5 anos | H90: 70 Repete rimas familiares. | J90: =IF(I90="Sim",1,IF(I90="Não",0,IF(I90="Às vezes",0.5,"-"))) -> - | K90: 70 Desabotoa sua roupa. | M90: =IF(L90="Sim",1,IF(L90="Não",0,IF(L90="Às vezes",0.5,"-"))) -> - | N90: 74 Desmancha e reconstrói brinquedos de encaixe por pressão. | P90: =IF(O90="Sim",1,IF(O90="Não",0,IF(O90="Às vezes",0.5,"-"))) -> -
B91: 71 Quando em público, apresenta um comportamento socialmente aceitável. | D91: =IF(C91="Sim",1,IF(C91="Não",0,IF(C91="Às vezes",0.5,"-"))) -> - | E91: 71 Obedece a uma sequência envolvendo 3 ordens. | G91: =IF(F91="Sim",1,IF(F91="Não",0,IF(F91="Às vezes",0.5,"-"))) -> - | H91: 71 Diz se um objeto é mais pesado ou mais leve (objetos com diferença de 0,5 quilo). | J91: =IF(I91="Sim",1,IF(I91="Não",0,IF(I91="Às vezes",0.5,"-"))) -> - | K91: 71 Abotoa sua roupa. | M91: =IF(L91="Sim",1,IF(L91="Não",0,IF(L91="Às vezes",0.5,"-"))) -> - | N91: 75 Desenrosca brinquedos que se encaixam por roscas. | P91: =IF(O91="Sim",1,IF(O91="Não",0,IF(O91="Às vezes",0.5,"-"))) -> -
B92: 72 Pede permissão para usar objetos dos outros em 75% das vezes. | D92: =IF(C92="Sim",1,IF(C92="Não",0,IF(C92="Às vezes",0.5,"-"))) -> - | E92: 72 Demonstra compreensão de verbos reflexivos, usando-os ocasionalmente (ex. ele se machucou). | G92: =IF(F92="Sim",1,IF(F92="Não",0,IF(F92="Às vezes",0.5,"-"))) -> - | H92: 72 Diz o que está faltando quando um objeto é retirado de um grupo de 3 objetos. | J92: =IF(I92="Sim",1,IF(I92="Não",0,IF(I92="Às vezes",0.5,"-"))) -> - | K92: 72 Retira prato e talheres da mesa. | M92: =IF(L92="Sim",1,IF(L92="Não",0,IF(L92="Às vezes",0.5,"-"))) -> - | N92: 76 Chuta uma bola grande que está imóvel. | P92: =IF(O92="Sim",1,IF(O92="Não",0,IF(O92="Às vezes",0.5,"-"))) -> -
B93: Total de Acertos | C93: =SUM(D84:D92) -> 0 | E93: 73 Consegue identificar objetos / figuras que formem par, sob solicitação. | G93: =IF(F93="Sim",1,IF(F93="Não",0,IF(F93="Às vezes",0.5,"-"))) -> - | H93: 73 Nomeia 8 cores. | J93: =IF(I93="Sim",1,IF(I93="Não",0,IF(I93="Às vezes",0.5,"-"))) -> - | K93: 73 Encaixa fecho em sua terminação. | M93: =IF(L93="Sim",1,IF(L93="Não",0,IF(L93="Às vezes",0.5,"-"))) -> - | N93: 77 Faz bolas de argila, barro ou massinha. | P93: =IF(O93="Sim",1,IF(O93="Não",0,IF(O93="Às vezes",0.5,"-"))) -> -
B94: Socialização – 5 a 6 anos | E94: 74 Emprega o futuro ao falar. | G94: =IF(F94="Sim",1,IF(F94="Não",0,IF(F94="Às vezes",0.5,"-"))) -> - | H94: 74 Identifica o valor de 3 moedas. | J94: =IF(I94="Sim",1,IF(I94="Não",0,IF(I94="Às vezes",0.5,"-"))) -> - | K94: 74 Lava as mãos e o rosto. | M94: =IF(L94="Sim",1,IF(L94="Não",0,IF(L94="Às vezes",0.5,"-"))) -> - | N94: 78 Segura o lápis entre o polegar e o indicador, apoiando-o sobre o dedo médio. | P94: =IF(O94="Sim",1,IF(O94="Não",0,IF(O94="Às vezes",0.5,"-"))) -> -
B95: 73 Manifesta seus sentimentos | D95: =IF(C95="Sim",1,IF(C95="Não",0,IF(C95="Às vezes",0.5,"-"))) -> - | E95: 75 Usa orações compostas por coordenação. | G95: =IF(F95="Sim",1,IF(F95="Não",0,IF(F95="Às vezes",0.5,"-"))) -> - | H95: 75 Emparelha símbolos (letras e números). | J95: =IF(I95="Sim",1,IF(I95="Não",0,IF(I95="Às vezes",0.5,"-"))) -> - | K95: 75 Usa talher apropriado para alimentar-se. | M95: =IF(L95="Sim",1,IF(L95="Não",0,IF(L95="Às vezes",0.5,"-"))) -> - | N95: 79 Dá cambalhota para frente com ajuda. | P95: =IF(O95="Sim",1,IF(O95="Não",0,IF(O95="Às vezes",0.5,"-"))) -> -
B96: 74 Brinca com 4 a 5 crianças em atividade de cooperação por 20 minutos, sem supervisão. | D96: =IF(C96="Sim",1,IF(C96="Não",0,IF(C96="Às vezes",0.5,"-"))) -> - | E96: 76 Consegue identificar a parte de cima e de baixo de objetos, quando solicitado. | G96: =IF(F96="Sim",1,IF(F96="Não",0,IF(F96="Às vezes",0.5,"-"))) -> - | H96: 76 Diz a cor de objetos nomeados. | J96: =IF(I96="Sim",1,IF(I96="Não",0,IF(I96="Às vezes",0.5,"-"))) -> - | K96: 76 Acorda de noite para ir ao banheiro, ou acorda seco. | M96: =IF(L96="Sim",1,IF(L96="Não",0,IF(L96="Às vezes",0.5,"-"))) -> - | N96: 80 Dá marteladas para encaixar 5 pinos em seus orifícios. | P96: =IF(O96="Sim",1,IF(O96="Não",0,IF(O96="Às vezes",0.5,"-"))) -> -
B97: 75 Explica aos outros as regras do jogo ou atividade. | D97: =IF(C97="Sim",1,IF(C97="Não",0,IF(C97="Às vezes",0.5,"-"))) -> - | E97: 77 Emprega ocasionalmente o condicional ao falar (poderia, pudesse, iria, seria, faria). | G97: =IF(F97="Sim",1,IF(F97="Não",0,IF(F97="Às vezes",0.5,"-"))) -> - | H97: 77 Relata 5 principais fatos de uma história contada 3x. | J97: =IF(I97="Sim",1,IF(I97="Não",0,IF(I97="Às vezes",0.5,"-"))) -> - | K97: 77 Limpa e assua o nariz em 75% das vezes sem ser lembrado | M97: =IF(L97="Sim",1,IF(L97="Não",0,IF(L97="Às vezes",0.5,"-"))) -> - | N97: Total de Acertos | O97: =SUM(P80:P96) -> 0
B98: 76 Imita papéis de adulto. | D98: =IF(C98="Sim",1,IF(C98="Não",0,IF(C98="Às vezes",0.5,"-"))) -> - | E98: 78 Consegue identificar absurdos em figuras. | G98: =IF(F98="Sim",1,IF(F98="Não",0,IF(F98="Às vezes",0.5,"-"))) -> - | H98: 78 Desenha figura humana (cabeça, tronco e 4 membros) | J98: =IF(I98="Sim",1,IF(I98="Não",0,IF(I98="Às vezes",0.5,"-"))) -> - | K98: 78 Toma banho só, precisando de ajuda apenas para lavar as costas, pescoço e orelhas. | M98: =IF(L98="Sim",1,IF(L98="Não",0,IF(L98="Às vezes",0.5,"-"))) -> - | N98: Desenvolvimento Motor – 3 a 4 ano
B99: 77 Colabora para a conversa durante as refeições. | D99: =IF(C99="Sim",1,IF(C99="Não",0,IF(C99="Às vezes",0.5,"-"))) -> - | E99: 79 Emprega as seguintes palavras: irmã(o), avó, avô. | G99: =IF(F99="Sim",1,IF(F99="Não",0,IF(F99="Às vezes",0.5,"-"))) -> - | H99: 79 Canta 5 estrofes de uma canção. | J99: =IF(I99="Sim",1,IF(I99="Não",0,IF(I99="Às vezes",0.5,"-"))) -> - | K99: 79 Usa faca para espalhar manteiga no pão. | M99: =IF(L99="Sim",1,IF(L99="Não",0,IF(L99="Às vezes",0.5,"-"))) -> - | N99: 81 Faz um quebra cabeça de 3 peças. | P99: =IF(O99="Sim",1,IF(O99="Não",0,IF(O99="Às vezes",0.5,"-"))) -> -
B100: 78 Segue regras de jogo que envolva raciocínio verbal. | D100: =IF(C100="Sim",1,IF(C100="Não",0,IF(C100="Às vezes",0.5,"-"))) -> - | E100: 80 Completa frases com antônimos. | G100: =IF(F100="Sim",1,IF(F100="Não",0,IF(F100="Às vezes",0.5,"-"))) -> - | H100: 80 Constrói uma pirâmide de 10 blocos por imitação. | J100: =IF(I100="Sim",1,IF(I100="Não",0,IF(I100="Às vezes",0.5,"-"))) -> - | K100: 80 Aperta e afrouxa cintos ou fivelas. | M100: =IF(L100="Sim",1,IF(L100="Não",0,IF(L100="Às vezes",0.5,"-"))) -> - | N100: 82 Corta algo em pedaços com tesoura. | P100: =IF(O100="Sim",1,IF(O100="Não",0,IF(O100="Às vezes",0.5,"-"))) -> -
B101: 79 Conforta colegas quando estes estão tristes. | D101: =IF(C101="Sim",1,IF(C101="Não",0,IF(C101="Às vezes",0.5,"-"))) -> - | E101: 81 Relata uma estória conhecida sem ajuda de figuras. | G101: =IF(F101="Sim",1,IF(F101="Não",0,IF(F101="Às vezes",0.5,"-"))) -> - | H101: 81 Nomeia objetos como sendo compridos ou curtos. | J101: =IF(I101="Sim",1,IF(I101="Não",0,IF(I101="Às vezes",0.5,"-"))) -> - | K101: 81 Veste-se sozinho, mas não dá laços. | M101: =IF(L101="Sim",1,IF(L101="Não",0,IF(L101="Às vezes",0.5,"-"))) -> - | N101: 83 Pula de uma altura de 20 cm | P101: =IF(O101="Sim",1,IF(O101="Não",0,IF(O101="Às vezes",0.5,"-"))) -> -
B102: 80 Escolhe seus próprios amigos. | D102: =IF(C102="Sim",1,IF(C102="Não",0,IF(C102="Às vezes",0.5,"-"))) -> - | E102: 82 Em uma figura, nomeia o objeto que não pertence a uma determinada categoria. | G102: =IF(F102="Sim",1,IF(F102="Não",0,IF(F102="Às vezes",0.5,"-"))) -> - | H102: 82 Coloca objetos "atrás", "ao lado" ou "junto" a outros. | J102: =IF(I102="Sim",1,IF(I102="Não",0,IF(I102="Às vezes",0.5,"-"))) -> - | K102: 82 Serve-se à mesa enquanto seguram a travessa de comida. | M102: =IF(L102="Sim",1,IF(L102="Não",0,IF(L102="Às vezes",0.5,"-"))) -> - | N102: 84 Chuta uma bola grande quando enviada para si. | P102: =IF(O102="Sim",1,IF(O102="Não",0,IF(O102="Às vezes",0.5,"-"))) -> -
B103: 81 Planeja e constrói, usando ferramentas simples. | D103: =IF(C103="Sim",1,IF(C103="Não",0,IF(C103="Às vezes",0.5,"-"))) -> - | E103: 83 Diz se duas palavras rimam ou não. | G103: =IF(F103="Sim",1,IF(F103="Não",0,IF(F103="Às vezes",0.5,"-"))) -> - | H103: 83 Faz conjuntos iguais de 10 objetos, segundo modelo. | J103: =IF(I103="Sim",1,IF(I103="Não",0,IF(I103="Às vezes",0.5,"-"))) -> - | K103: 83 Ajuda a pôr a mesa corretamente quando recebe instruções. | M103: =IF(L103="Sim",1,IF(L103="Não",0,IF(L103="Às vezes",0.5,"-"))) -> - | N103: 85 Anda na ponta dos pés. | P103: =IF(O103="Sim",1,IF(O103="Não",0,IF(O103="Às vezes",0.5,"-"))) -> -
...

Sheet CÁLCULOS E GRAF AV2
B2: GUIA PORTAGE DE EDUCAÇÃO PRÉ-ESCOLAR
B5: IDADE DE DESENVOLVIMENTO DA CRIANÇA | C5: =((E31+K31+E41+K41+E51)/12)/6 -> 0.0089285714
B7: IDADE DA CRIANÇA POR ÁREA
B8: =B17 -> SOCIALIZAÇÃO | C8: =E32 -> 0.053571429
B9: =B18 -> LINGUAGEM | C9: =K32 -> 0
B10: =B19 -> COGNIÇÃO | C10: =E42 -> 0
B11: =B20 -> AUTOCUIDADOS | C11: =K42 -> 0
B12: =B21 -> DESENVOLVIMENTO MOTOR | C12: =E52 -> 0
B14: * As tabelas e gráficos abaixo são automáticos, não sendo necessário o preenchimento
C15: % Acertos por faixa etária
B16: ÁREA DE DESENVOLVIMENTO | C16: 0 - 1 ano | D16: 1 - 2 anos | E16: 2 - 3 anos | F16: 3 - 4 anos | G16: 4 - 5 anos | H16: 5 - 6 anos | I16: % Acertos Total
B17: =B24 -> SOCIALIZAÇÃO | C17: =F25 -> 0.053571429 | D17: =F26 -> 0 | E17: =F27 -> 0 | F17: =F28 -> 0 | G17: =F29 -> 0 | H17: =F30 -> 0 | I17: =F31 -> 0.018072289
B18: =H24 -> LINGUAGEM | C18: =L25 -> 0 | D18: =L26 -> 0 | E18: =L27 -> 0 | F18: =L28 -> 0 | G18: =L29 -> 0 | H18: =L30 -> 0 | I18: =L31 -> 0
B19: =B34 -> COGNIÇÃO | C19: =F35 -> 0 | D19: =F36 -> 0 | E19: =F37 -> 0 | F19: =F38 -> 0 | G19: =F39 -> 0 | H19: =F40 -> 0 | I19: =F41 -> 0
B20: =H34 -> AUTOCUIDADOS | C20: =L35 -> 0 | D20: =L36 -> 0 | E20: =L37 -> 0 | F20: =L38 -> 0 | G20: =L39 -> 0 | H20: =L40 -> 0 | I20: =L41 -> 0
B21: =B44 -> DESENVOLVIMENTO MOTOR | C21: =F45 -> 0 | D21: =F46 -> 0 | E21: =F47 -> 0 | F21: =F48 -> 0 | G21: =F49 -> 0 | H21: =F50 -> 0 | I21: =F51 -> 0
B24: SOCIALIZAÇÃO | C24: Pontuação (Acertos) | D24: Pontuação Esperada | E24: Idade | F24: % Acertos | H24: LINGUAGEM | I24: Pontuação (Acertos) | J24: Pontuação Esperada | K24: Idade | L24: % Acertos
B25: ='AV 1'!B12 -> Socialização - 0 a 1 ano | C25: ='AV 2'!C41 -> 1.5 | D25: 28 | E25: =(C25*12)/D25 -> 0.64285714 | F25: =C25/D25 -> 0.053571429 | H25: ='AV 1'!E12 -> Linguagem – 0 a 1 anos | I25: ='AV 2'!F23 -> 0 | J25: 10 | K25: =(I25*12)/J25 -> 0 | L25: =I25/J25 -> 0
B26: ='AV 1'!B42 -> Socialização – 1 a 2 anos | C26: ='AV 2'!C58 -> 0 | D26: 15 | E26: =(C26*12)/D26 -> 0 | F26: =C26/D26 -> 0 | H26: ='AV 1'!E24 -> Linguagem – 1 a 2 anos | I26: ='AV 2'!F43 -> 0 | J26: 18 | K26: =(I26*12)/J26 -> 0 | L26: =I26/J26 -> 0
B27: ='AV 1'!B59 -> Socialização – 2 a 3 anos | C27: ='AV 2'!C68 -> 0 | D27: 8 | E27: =(C27*12)/D27 -> 0 | F27: =C27/D27 -> 0 | H27: ='AV 1'!E44 -> Linguagem – 2 a 3 anos | I27: ='AV 2'!F75 -> 0 | J27: 30 | K27: =(I27*12)/J27 -> 0 | L27: =I27/J27 -> 0
B28: ='AV 1'!B69 -> Socialização – 3 a 4 anos | C28: ='AV 2'!C82 -> 0 | D28: 12 | E28: =(C28*12)/D28 -> 0 | F28: =C28/D28 -> 0 | H28: ='AV 1'!E76 -> Linguagem – 3 a 4 anos | I28: ='AV 2'!F89 -> 0 | J28: 12 | K28: =(I28*12)/J28 -> 0 | L28: =I28/J28 -> 0
B29: ='AV 1'!B83 -> Socialização – 4 a 5 anos | C29: ='AV 2'!C93 -> 0 | D29: 9 | E29: =(C29*12)/D29 -> 0 | F29: =C29/D29 -> 0 | H29: ='AV 1'!E90 -> Linguagem – 4 a 5 anos | I29: ='AV 2'!F106 -> 0 | J29: 15 | K29: =(I29*12)/J29 -> 0 | L29: =I29/J29 -> 0
B30: ='AV 1'!B94 -> Socialização – 5 a 6 anos | C30: ='AV 2'!C106 -> 0 | D30: 11 | E30: =(C30*12)/D30 -> 0 | F30: =C30/D30 -> 0 | H30: ='AV 1'!E107 -> Linguagem – 5 a 6 anos | I30: ='AV 2'!F122 -> 0 | J30: 14 | K30: =(I30*12)/J30 -> 0 | L30: =I30/J30 -> 0
B31: TOTAL | C31: =SUM(C25:C30) -> 1.5 | D31: =SUM(D25:D30) -> 83 | E31: =SUM(E25:E30) -> 0.64285714 | F31: =C31/D31 -> 0.018072289 | H31: TOTAL | I31: =SUM(I25:I30) -> 0 | J31: =SUM(J25:J30) -> 99 | K31: =SUM(K25:K30) -> 0 | L31: =I31/J31 -> 0
B32: IDADE DA CRIANÇA - SOCIALIZAÇÃO | E32: =E31/12 -> 0.053571429 | H32: IDADE DA CRIANÇA - LINGUAGEM | K32: =K31/12 -> 0
B34: COGNIÇÃO | C34: Pontuação (Acertos) | D34: Pontuação Esperada | E34: Idade | F34: % Acertos | H34: AUTOCUIDADOS | I34: Pontuação (Acertos) | J34: Pontuação Esperada | K34: Idade | L34: % Acertos
B35: ='AV 1'!H12 -> Cognição – 0 a 1 ano | C35: ='AV 2'!I27 -> 0 | D35: 14 | E35: =(C35*12)/D35 -> 0 | F35: =C35/D35 -> 0 | H35: ='AV 1'!K12 -> Auto cuidados – 0 a 1 anos | I35: ='AV 2'!L26 -> 0 | J35: 13 | K35: =(I35*12)/J35 -> 0 | L35: =I35/J35 -> 0
B36: ='AV 1'!H28 -> Cognição – 1 a 2 anos | C36: ='AV 2'!I39 -> 0 | D36: 10 | E36: =(C36*12)/D36 -> 0 | F36: =C36/D36 -> 0 | H36: ='AV 1'!K27 -> Auto cuidados – 1 a 2 anos | I36: ='AV 2'!L40 -> 0 | J36: 12 | K36: =(I36*12)/J36 -> 0 | L36: =I36/J36 -> 0
B37: ='AV 1'!H40 -> Cognição – 2 a 3 anos | C37: ='AV 2'!I57 -> 0 | D37: 16 | E37: =(C37*12)/D37 -> 0 | F37: =C37/D37 -> 0 | H37: ='AV 1'!K41 -> Auto cuidados – 2 a 3 anos | I37: ='AV 2'!L69 -> 0 | J37: 27 | K37: =(I37*12)/J37 -> 0 | L37: =I37/J37 -> 0
B38: ='AV 1'!H58 -> Cognição – 3 a 4 anos | C38: ='AV 2'!I83 -> 0 | D38: 24 | E38: =(C38*12)/D38 -> 0 | F38: =C38/D38 -> 0 | H38: ='AV 1'!K70 -> Auto cuidados – 3 a 4 anos | I38: ='AV 2'!L86 -> 0 | J38: 15 | K38: =(I38*12)/J38 -> 0 | L38: =I38/J38 -> 0
B39: ='AV 1'!H84 -> Cognição – 4 a 5 anos | C39: ='AV 2'!I107 -> 0 | D39: 22 | E39: =(C39*12)/D39 -> 0 | F39: =C39/D39 -> 0 | H39: ='AV 1'!K87 -> Auto cuidados – 4 a 5 anos | I39: ='AV 2'!L111 -> 0 | J39: 23 | K39: =(I39*12)/J39 -> 0 | L39: =I39/J39 -> 0
B40: ='AV 1'!H108 -> Cognição – 5 a 6 anos | C40: ='AV 2'!I131 -> 0 | D40: 22 | E40: =(C40*12)/D40 -> 0 | F40: =C40/D40 -> 0 | H40: ='AV 1'!K112 -> Auto cuidados – 5 a 6 anos | I40: ='AV 2'!L128 -> 0 | J40: 15 | K40: =(I40*12)/J40 -> 0 | L40: =I40/J40 -> 0
B41: TOTAL | C41: =SUM(C35:C40) -> 0 | D41: =SUM(D35:D40) -> 108 | E41: =SUM(E35:E40) -> 0 | F41: =C41/D41 -> 0 | H41: TOTAL | I41: =SUM(I35:I40) -> 0 | J41: =SUM(J35:J40) -> 105 | K41: =SUM(K35:K40) -> 0 | L41: =I41/J41 -> 0
B42: IDADE DA CRIANÇA - COGNIÇÃO | E42: =E41/12 -> 0 | H42: IDADE DA CRIANÇA - AUTOCUIDADOS | K42: =K41/12 -> 0
B44: DESENVOLVIMENTO MOTOR | C44: Pontuação (Acertos) | D44: Pontuação Esperada | E44: Idade | F44: % Acertos
B45: ='AV 1'!N12 -> Desenvolvimento Motor – 0 a 1 ano | C45: ='AV 2'!O58 -> 0 | D45: 45 | E45: =(C45*12)/D45 -> 0 | F45: =C45/D45 -> 0
B46: ='AV 1'!N59 -> Desenvolvimento Motor – 1 a 2 anos | C46: ='AV 2'!O78 -> 0 | D46: 18 | E46: =(C46*12)/D46 -> 0 | F46: =C46/D46 -> 0
B47: ='AV 1'!N79 -> Desenvolvimento Motor – 2 a 3 anos | C47: ='AV 2'!O97 -> 0 | D47: 17 | E47: =(C47*12)/D47 -> 0 | F47: =C47/D47 -> 0
B48: ='AV 1'!N98 -> Desenvolvimento Motor – 3 a 4 ano | C48: ='AV 2'!O114 -> 0 | D48: 15 | E48: =(C48*12)/D48 -> 0 | F48: =C48/D48 -> 0
B49: ='AV 1'!N115 -> Desenvolvimento Motor – 4 a 5 anos | C49: ='AV 2'!O132 -> 0 | D49: 16 | E49: =(C49*12)/D49 -> 0 | F49: =C49/D49 -> 0
B50: ='AV 1'!N133 -> Desenvolvimento Motor – 5 a 6 anos | C50: ='AV 2'!O163 -> 0 | D50: 29 | E50: =(C50*12)/D50 -> 0 | F50: =C50/D50 -> 0
B51: TOTAL | C51: =SUM(C45:C50) -> 0 | D51: =SUM(D45:D50) -> 140 | E51: =SUM(E45:E50) -> 0 | F51: =C51/D51 -> 0
B52: IDADE DA CRIANÇA - DESENVOLVIMENTO MOTOR | E52: =E51/12 -> 0

Sheet PEI AV 2
B2: GUIA PORTAGE DE EDUCAÇÃO PRÉ-ESCOLAR
B4: Nome:
B5: Idade: | C5: 6
B6: Avaliador:
B7: Data da Avaliação:
B9: * A tabela abaixo é automática, não sendo necessário o preenchimento. Filtre primeiro Objetivos Prioritários, retire o filtro, e faça novo filtro em Demais Objetivos.
B10: PLANO DE ENSINO INDIVIDUALIZADO
B11: OBJETIVOS PRIORITÁRIOS | C11: DEMAIS OBJETIVOS
B12: SOCIALIZAÇÃO | C12: SOCIALIZAÇÃO
B13: =IF('AV 2'!C13="Às vezes",'AV 2'!B13,"-") -> - | C13: =IF('AV 2'!C13="Não",'AV 2'!B13,"-") -> -
B14: =IF('AV 2'!C14="Às vezes",'AV 2'!B14,"-") -> - | C14: =IF('AV 2'!C14="Não",'AV 2'!B14,"-") -> 02 Sorri em resposta à atenção do adulto
B15: =IF('AV 2'!C15="Às vezes",'AV 2'!B15,"-") -> 03 Vocaliza em resposta à atenção | C15: =IF('AV 2'!C15="Não",'AV 2'!B15,"-") -> -
B16: =IF('AV 2'!C16="Às vezes",'AV 2'!B16,"-") -> - | C16: =IF('AV 2'!C16="Não",'AV 2'!B16,"-") -> -
B17: =IF('AV 2'!C17="Às vezes",'AV 2'!B17,"-") -> - | C17: =IF('AV 2'!C17="Não",'AV 2'!B17,"-") -> -
B18: =IF('AV 2'!C18="Às vezes",'AV 2'!B18,"-") -> - | C18: =IF('AV 2'!C18="Não",'AV 2'!B18,"-") -> -
B19: =IF('AV 2'!C19="Às vezes",'AV 2'!B19,"-") -> - | C19: =IF('AV 2'!C19="Não",'AV 2'!B19,"-") -> -
B20: =IF('AV 2'!C20="Às vezes",'AV 2'!B20,"-") -> - | C20: =IF('AV 2'!C20="Não",'AV 2'!B20,"-") -> -
B21: =IF('AV 2'!C21="Às vezes",'AV 2'!B21,"-") -> - | C21: =IF('AV 2'!C21="Não",'AV 2'!B21,"-") -> -
B22: =IF('AV 2'!C22="Às vezes",'AV 2'!B22,"-") -> - | C22: =IF('AV 2'!C22="Não",'AV 2'!B22,"-") -> -
B23: =IF('AV 2'!C23="Às vezes",'AV 2'!B23,"-") -> - | C23: =IF('AV 2'!C23="Não",'AV 2'!B23,"-") -> -
B24: =IF('AV 2'!C24="Às vezes",'AV 2'!B24,"-") -> - | C24: =IF('AV 2'!C24="Não",'AV 2'!B24,"-") -> -
... B105: =IF('AV 2'!C105="Às vezes",'AV 2'!B105,"-") -> - | C105: =IF('AV 2'!C105="Não",'AV 2'!B105,"-") -> -
B106: LINGUAGEM | C106: LINGUAGEM
B107: =IF('AV 2'!F13="Às vezes",'AV 2'!E13,"-") -> - | C107: =IF('AV 2'!F13="Não",'AV 2'!E13,"-") -> -
B108: =IF('AV 2'!F14="Às vezes",'AV 2'!E14,"-") -> - | C108: =IF('AV 2'!F14="Não",'AV 2'!E14,"-") -> -
B109: =IF('AV 2'!F15="Às vezes",'AV 2'!E15,"-") -> - | C109: =IF('AV 2'!F15="Não",'AV 2'!E15,"-") -> -
B110: =IF('AV 2'!F16="Às vezes",'AV 2'!E16,"-") -> - | C110: =IF('AV 2'!F16="Não",'AV 2'!E16,"-") -> -
B111: =IF('AV 2'!F17="Às vezes",'AV 2'!E17,"-") -> - | C111: =IF('AV 2'!F17="Não",'AV 2'!E17,"-") -> -
B112: =IF('AV 2'!F18="Às vezes",'AV 2'!E18,"-") -> - | C112: =IF('AV 2'!F18="Não",'AV 2'!E18,"-") -> -
B113: =IF('AV 2'!F19="Às vezes",'AV 2'!E19,"-") -> - | C113: =IF('AV 2'!F19="Não",'AV 2'!E19,"-") -> -
B114: =IF('AV 2'!F20="Às vezes",'AV 2'!E20,"-") -> - | C114: =IF('AV 2'!F20="Não",'AV 2'!E20,"-") -> -
B115: =IF('AV 2'!F21="Às vezes",'AV 2'!E21,"-") -> - | C115: =IF('AV 2'!F21="Não",'AV 2'!E21,"-") -> -
B116: =IF('AV 2'!F22="Às vezes",'AV 2'!E22,"-") -> - | C116: =IF('AV 2'!F22="Não",'AV 2'!E22,"-") -> -
B117: =IF('AV 2'!F23="Às vezes",'AV 2'!E23,"-") -> - | C117: =IF('AV 2'!F23="Não",'AV 2'!E23,"-") -> -
B118: =IF('AV 2'!F24="Às vezes",'AV 2'!E24,"-") -> - | C118: =IF('AV 2'!F24="Não",'AV 2'!E24,"-") -> -
... B215: =IF('AV 2'!F121="Às vezes",'AV 2'!E121,"-") -> - | C215: =IF('AV 2'!F121="Não",'AV 2'!E121,"-") -> -
B216: COGNIÇÃO | C216: COGNIÇÃO
B217: =IF('AV 2'!I13="Às vezes",'AV 2'!H13,"-") -> - | C217: =IF('AV 2'!I13="Não",'AV 2'!H13,"-") -> -
B218: =IF('AV 2'!I14="Às vezes",'AV 2'!H14,"-") -> - | C218: =IF('AV 2'!I14="Não",'AV 2'!H14,"-") -> -
B219: =IF('AV 2'!I15="Às vezes",'AV 2'!H15,"-") -> - | C219: =IF('AV 2'!I15="Não",'AV 2'!H15,"-") -> -
B220: =IF('AV 2'!I16="Às vezes",'AV 2'!H16,"-") -> - | C220: =IF('AV 2'!I16="Não",'AV 2'!H16,"-") -> -
B221: =IF('AV 2'!I17="Às vezes",'AV 2'!H17,"-") -> - | C221: =IF('AV 2'!I17="Não",'AV 2'!H17,"-") -> -
B222: =IF('AV 2'!I18="Às vezes",'AV 2'!H18,"-") -> - | C222: =IF('AV 2'!I18="Não",'AV 2'!H18,"-") -> -
B223: =IF('AV 2'!I19="Às vezes",'AV 2'!H19,"-") -> - | C223: =IF('AV 2'!I19="Não",'AV 2'!H19,"-") -> -
B224: =IF('AV 2'!I20="Às vezes",'AV 2'!H20,"-") -> - | C224: =IF('AV 2'!I20="Não",'AV 2'!H20,"-") -> -
B225: =IF('AV 2'!I21="Às vezes",'AV 2'!H21,"-") -> - | C225: =IF('AV 2'!I21="Não",'AV 2'!H21,"-") -> -
B226: =IF('AV 2'!I22="Às vezes",'AV 2'!H22,"-") -> - | C226: =IF('AV 2'!I22="Não",'AV 2'!H22,"-") -> -
B227: =IF('AV 2'!I23="Às vezes",'AV 2'!H23,"-") -> - | C227: =IF('AV 2'!I23="Não",'AV 2'!H23,"-") -> -
B228: =IF('AV 2'!I24="Às vezes",'AV 2'!H24,"-") -> - | C228: =IF('AV 2'!I24="Não",'AV 2'!H24,"-") -> -
... B335: =IF('AV 2'!I131="Às vezes",'AV 2'!H131,"-") -> - | C335: =IF('AV 2'!I131="Não",'AV 2'!H131,"-") -> -
B336: AUTOCUIDADOS | C336: AUTOCUIDADOS
B337: =IF('AV 2'!L13="Às vezes",'AV 2'!K13,"-") -> - | C337: =IF('AV 2'!L13="Não",'AV 2'!K13,"-") -> -
B338: =IF('AV 2'!L14="Às vezes",'AV 2'!K14,"-") -> - | C338: =IF('AV 2'!L14="Não",'AV 2'!K14,"-") -> -
B339: =IF('AV 2'!L15="Às vezes",'AV 2'!K15,"-") -> - | C339: =IF('AV 2'!L15="Não",'AV 2'!K15,"-") -> -
B340: =IF('AV 2'!L16="Às vezes",'AV 2'!K16,"-") -> - | C340: =IF('AV 2'!L16="Não",'AV 2'!K16,"-") -> -
B341: =IF('AV 2'!L17="Às vezes",'AV 2'!K17,"-") -> - | C341: =IF('AV 2'!L17="Não",'AV 2'!K17,"-") -> -
B342: =IF('AV 2'!L18="Às vezes",'AV 2'!K18,"-") -> - | C342: =IF('AV 2'!L18="Não",'AV 2'!K18,"-") -> -
B343: =IF('AV 2'!L19="Às vezes",'AV 2'!K19,"-") -> - | C343: =IF('AV 2'!L19="Não",'AV 2'!K19,"-") -> -
B344: =IF('AV 2'!L20="Às vezes",'AV 2'!K20,"-") -> - | C344: =IF('AV 2'!L20="Não",'AV 2'!K20,"-") -> -
B345: =IF('AV 2'!L21="Às vezes",'AV 2'!K21,"-") -> - | C345: =IF('AV 2'!L21="Não",'AV 2'!K21,"-") -> -
B346: =IF('AV 2'!L22="Às vezes",'AV 2'!K22,"-") -> - | C346: =IF('AV 2'!L22="Não",'AV 2'!K22,"-") -> -
B347: =IF('AV 2'!L23="Às vezes",'AV 2'!K23,"-") -> - | C347: =IF('AV 2'!L23="Não",'AV 2'!K23,"-") -> -
B348: =IF('AV 2'!L24="Às vezes",'AV 2'!K24,"-") -> - | C348: =IF('AV 2'!L24="Não",'AV 2'!K24,"-") -> -
... B451: =IF('AV 2'!L127="Às vezes",'AV 2'!K127,"-") -> - | C451: =IF('AV 2'!L127="Não",'AV 2'!K127,"-") -> -
B452: DESENVOLVIMENTO MOTOR | C452: DESENVOLVIMENTO MOTOR
B453: =IF('AV 2'!O13="Às vezes",'AV 2'!N13,"-") -> - | C453: =IF('AV 2'!O13="Não",'AV 2'!N13,"-") -> -
B454: =IF('AV 2'!O14="Às vezes",'AV 2'!N14,"-") -> - | C454: =IF('AV 2'!O14="Não",'AV 2'!N14,"-") -> -
B455: =IF('AV 2'!O15="Às vezes",'AV 2'!N15,"-") -> - | C455: =IF('AV 2'!O15="Não",'AV 2'!N15,"-") -> -
B456: =IF('AV 2'!O16="Às vezes",'AV 2'!N16,"-") -> - | C456: =IF('AV 2'!O16="Não",'AV 2'!N16,"-") -> -
B457: =IF('AV 2'!O17="Às vezes",'AV 2'!N17,"-") -> - | C457: =IF('AV 2'!O17="Não",'AV 2'!N17,"-") -> -
B458: =IF('AV 2'!O18="Às vezes",'AV 2'!N18,"-") -> - | C458: =IF('AV 2'!O18="Não",'AV 2'!N18,"-") -> -
B459: =IF('AV 2'!O19="Às vezes",'AV 2'!N19,"-") -> - | C459: =IF('AV 2'!O19="Não",'AV 2'!N19,"-") -> -
B460: =IF('AV 2'!O20="Às vezes",'AV 2'!N20,"-") -> - | C460: =IF('AV 2'!O20="Não",'AV 2'!N20,"-") -> -
B461: =IF('AV 2'!O21="Às vezes",'AV 2'!N21,"-") -> - | C461: =IF('AV 2'!O21="Não",'AV 2'!N21,"-") -> -
B462: =IF('AV 2'!O22="Às vezes",'AV 2'!N22,"-") -> - | C462: =IF('AV 2'!O22="Não",'AV 2'!N22,"-") -> -
B463: =IF('AV 2'!O23="Às vezes",'AV 2'!N23,"-") -> - | C463: =IF('AV 2'!O23="Não",'AV 2'!N23,"-") -> -
B464: =IF('AV 2'!O24="Às vezes",'AV 2'!N24,"-") -> - | C464: =IF('AV 2'!O24="Não",'AV 2'!N24,"-") -> -
... B602: =IF('AV 2'!O162="Às vezes",'AV 2'!N162,"-") -> - | C602: =IF('AV 2'!O162="Não",'AV 2'!N162,"-") -> -

Sheet AV 3
B2: GUIA PORTAGE DE EDUCAÇÃO PRÉ-ESCOLAR
B4: Nome: | C4: JY Silva
B5: Idade: (insira apenas o número) | C5: 6
B6: Avaliador: | C6: Maria Luiza
B7: Data da Avaliação: | C7: 45737
B9: * Nas tabelas abaixo, insira apenas SIM, NÃO e ÀS VEZES QUE CONSTAM NA LISTA DE OPÇÕES DE CADA CÉLULA. Não digite texto algum, apenas selecione a opção da lista. Os totais e pontos são automáticos.
B10: Legendas: Sim (alcançou): 1 pto | N – Não - ainda não alcançou: 0 pto | AV - Às vezes: 0,5 ptos | NA: Não Avaliado | Total de Acertos = Pontuação Total. Não deixe espaços vazios. Se o item não foi avaliado, marque a opção NA.
B11: SOCIALIZAÇÃO | E11: LINGUAGEM | H11: COGNIÇÃO | K11: AUTOCUIDADOS | N11: DESENVOLVIMENTO MOTOR
B12: Socialização - 0 a 1 ano | C12: Sim/Não/Às vezes | D12: Ptos | E12: Linguagem – 0 a 1 anos | F12: Sim/Não/Às vezes | G12: Ptos | H12: Cognição – 0 a 1 ano | I12: Sim/Não/Às vezes | J12: Ptos | K12: Auto cuidados – 0 a 1 anos | L12: Sim/Não/Às vezes | M12: Ptos | N12: Desenvolvimento Motor – 0 a 1 ano | O12: Sim/Não/Às vezes | P12: Ptos
B13: 01 Observa uma pessoa movimentando-se em seu campo visual. | C13: Sim | D13: =IF(C13="Sim",1,IF(C13="Não",0,IF(C13="Às vezes",0.5,"-"))) -> 1 | E13: 01 Repete sons emitidos por outras pessoas. | G13: =IF(F13="Sim",1,IF(F13="Não",0,IF(F13="Às vezes",0.5,"-"))) -> - | H13: 01 Remove um pano do rosto que obscureça sua visão. | J13: =IF(I13="Sim",1,IF(I13="Não",0,IF(I13="Às vezes",0.5,"-"))) -> - | K13: 01 Suga e deglute líquidos. | M13: =IF(L13="Sim",1,IF(L13="Não",0,IF(L13="Às vezes",0.5,"-"))) -> - | N13: 01 Alcança um objeto colocado à sua frente (15 a 20 cm.). | P13: =IF(O13="Sim",1,IF(O13="Não",0,IF(O13="Às vezes",0.5,"-"))) -> -
B14: 02 Sorri em resposta à atenção do adulto | C14: Não | D14: =IF(C14="Sim",1,IF(C14="Não",0,IF(C14="Às vezes",0.5,"-"))) -> 0 | E14: 02 Repete a mesma sílaba 2 a 3 vezes. | G14: =IF(F14="Sim",1,IF(F14="Não",0,IF(F14="Às vezes",0.5,"-"))) -> - | H14: 02 Procura com o olhar um objeto que foi tirado de seu campo visual. | J14: =IF(I14="Sim",1,IF(I14="Não",0,IF(I14="Às vezes",0.5,"-"))) -> - | K14: 02 Toma mingau / sopinha. | M14: =IF(L14="Sim",1,IF(L14="Não",0,IF(L14="Às vezes",0.5,"-"))) -> - | N14: 02 Apanha um objeto colocado à sua frente (8 cm.). | P14: =IF(O14="Sim",1,IF(O14="Não",0,IF(O14="Às vezes",0.5,"-"))) -> -
B15: 03 Vocaliza em resposta à atenção | C15: Às vezes | D15: =IF(C15="Sim",1,IF(C15="Não",0,IF(C15="Às vezes",0.5,"-"))) -> 0.5 | E15: 03 Responde a gestos com gestos. | G15: =IF(F15="Sim",1,IF(F15="Não",0,IF(F15="Às vezes",0.5,"-"))) -> - | H15: 03 Remove um objeto de um recipiente colocando a mão dentro do mesmo | J15: =IF(I15="Sim",1,IF(I15="Não",0,IF(I15="Às vezes",0.5,"-"))) -> - | K15: 03 Estende as mãos em direção a mamadeira, tentando pegá-la | M15: =IF(L15="Sim",1,IF(L15="Não",0,IF(L15="Às vezes",0.5,"-"))) -> - | N15: 03 Estende os braços em direção a um objeto à sua frente e o apanha. | P15: =IF(O15="Sim",1,IF(O15="Não",0,IF(O15="Às vezes",0.5,"-"))) -> -
B16: 04 Olha para sua própria mão, sorrindo ou vocalizando | C16: NA | D16: =IF(C16="Sim",1,IF(C16="Não",0,IF(C16="Às vezes",0.5,"-"))) -> - | E16: 04 Obedece a uma ordem simples, quando acompanhada de gestos indicativos. | G16: =IF(F16="Sim",1,IF(F16="Não",0,IF(F16="Às vezes",0.5,"-"))) -> - | H16: 04 Coloca um objeto em um recipiente imitando um adulto. | J16: =IF(I16="Sim",1,IF(I16="Não",0,IF(I16="Às vezes",0.5,"-"))) -> - | K16: 04 Come alimentos liquidificados dados pelos pais. | M16: =IF(L16="Sim",1,IF(L16="Não",0,IF(L16="Às vezes",0.5,"-"))) -> - | N16: 04 Alcança um objeto preferido. | P16: =IF(O16="Sim",1,IF(O16="Não",0,IF(O16="Às vezes",0.5,"-"))) -> -
B17: 05 Responde a seu círculo familiar, sorrindo, vocalizando ou parando de chorar | D17: =IF(C17="Sim",1,IF(C17="Não",0,IF(C17="Às vezes",0.5,"-"))) -> - | E17: 05 Interrompe a atividade quando lhe dizem "Não" 75% das vezes. | G17: =IF(F17="Sim",1,IF(F17="Não",0,IF(F17="Às vezes",0.5,"-"))) -> - | H17: 05 Coloca um objeto em um recipiente quando recebe instruções. | J17: =IF(I17="Sim",1,IF(I17="Não",0,IF(I17="Às vezes",0.5,"-"))) -> - | K17: 05 Segura a mamadeira sem ajuda enquanto bebe. | M17: =IF(L17="Sim",1,IF(L17="Não",0,IF(L17="Às vezes",0.5,"-"))) -> - | N17: 05 Coloca objetos na boca. | P17: =IF(O17="Sim",1,IF(O17="Não",0,IF(O17="Às vezes",0.5,"-"))) -> -
B18: 06 Sorri em resposta à expressão facial dos outros. | D18: =IF(C18="Sim",1,IF(C18="Não",0,IF(C18="Às vezes",0.5,"-"))) -> - | E18: 06 Responde a perguntas simples com respostas não verbais. | G18: =IF(F18="Sim",1,IF(F18="Não",0,IF(F18="Às vezes",0.5,"-"))) -> - | H18: 06 Balança um brinquedo que produz som, pendurado em um barbante. | J18: =IF(I18="Sim",1,IF(I18="Não",0,IF(I18="Às vezes",0.5,"-"))) -> - | K18: 06 Leva a mamadeira até a boca ou a recusa, empurrando-a | M18: =IF(L18="Sim",1,IF(L18="Não",0,IF(L18="Às vezes",0.5,"-"))) -> - | N18: 06 Eleva a cabeça e o tronco apoiando-se nos braços, ao estar deitado de barriga para baixo. | P18: =IF(O18="Sim",1,IF(O18="Não",0,IF(O18="Às vezes",0.5,"-"))) -> -
B19: 07 Sorri e vocaliza ao ver sua imagem no espelho | D19: =IF(C19="Sim",1,IF(C19="Não",0,IF(C19="Às vezes",0.5,"-"))) -> - | E19: 07 Combina 2 sílabas diferentes quando tenta verbalizar. | G19: =IF(F19="Sim",1,IF(F19="Não",0,IF(F19="Às vezes",0.5,"-"))) -> - | H19: 07 Coloca três objetos em um recipiente e o esvazia. | J19: =IF(I19="Sim",1,IF(I19="Não",0,IF(I19="Às vezes",0.5,"-"))) -> - | K19: 07 Come alimentos amassados dados pelos pais. | M19: =IF(L19="Sim",1,IF(L19="Não",0,IF(L19="Às vezes",0.5,"-"))) -> - | N19: 07 Levanta a cabeça e o tronco apoiando-se em um só braço. | P19: =IF(O19="Sim",1,IF(O19="Não",0,IF(O19="Às vezes",0.5,"-"))) -> -
B20: 08 Acaricia ou toca no rosto de adultos (puxa cabelo, nariz, óculos, etc.). | D20: =IF(C20="Sim",1,IF(C20="Não",0,IF(C20="Às vezes",0.5,"-"))) -> - | E20: 08 Imita padrões de entonação da voz de outras pessoas. | G20: =IF(F20="Sim",1,IF(F20="Não",0,IF(F20="Às vezes",0.5,"-"))) -> - | H20: 08 Transfere um objeto de uma mão à outra para apanhar outro objeto. | J20: =IF(I20="Sim",1,IF(I20="Não",0,IF(I20="Às vezes",0.5,"-"))) -> - | K20: 08 Bebe em uma caneca, segurada pelos pais. | M20: =IF(L20="Sim",1,IF(L20="Não",0,IF(L20="Às vezes",0.5,"-"))) -> - | N20: 08 Toca e explora objetos com a boca. | P20: =IF(O20="Sim",1,IF(O20="Não",0,IF(O20="Às vezes",0.5,"-"))) -> -
B21: 09 Estende a mão em direção a um objeto oferecido. | D21: =IF(C21="Sim",1,IF(C21="Não",0,IF(C21="Às vezes",0.5,"-"))) -> - | E21: 09 Usa uma palavra funcionalmente para indicar objetos ou pessoas. | G21: =IF(F21="Sim",1,IF(F21="Não",0,IF(F21="Às vezes",0.5,"-"))) -> - | H21: 09 Deixa cair e apanha um brinquedo. | J21: =IF(I21="Sim",1,IF(I21="Não",0,IF(I21="Às vezes",0.5,"-"))) -> - | K21: 09 Come alimentos semissólidos dados pelos pais. | M21: =IF(L21="Sim",1,IF(L21="Não",0,IF(L21="Às vezes",0.5,"-"))) -> - | N21: 09 Em DV (decúbito ventral, de bruços), vira de lado e mantém esta posição ½ das vezes. | P21: =IF(O21="Sim",1,IF(O21="Não",0,IF(O21="Às vezes",0.5,"-"))) -> -
B22: 10 Estende os braços em direção a pessoas familiares | D22: =IF(C22="Sim",1,IF(C22="Não",0,IF(C22="Às vezes",0.5,"-"))) -> - | E22: 10 Vocaliza em resposta à fala de outras pessoas. | G22: =IF(F22="Sim",1,IF(F22="Não",0,IF(F22="Às vezes",0.5,"-"))) -> - | H22: 10 Descobre um objeto escondido sob um recipiente. | J22: =IF(I22="Sim",1,IF(I22="Não",0,IF(I22="Às vezes",0.5,"-"))) -> - | K22: 10 Alimenta-se sozinho usando os dedos. | M22: =IF(L22="Sim",1,IF(L22="Não",0,IF(L22="Às vezes",0.5,"-"))) -> - | N22: 10 Em DV, vira de costas. | P22: =IF(O22="Sim",1,IF(O22="Não",0,IF(O22="Às vezes",0.5,"-"))) -> -
B23: 11 Estende a mão e toca sua imagem refletida no espelho. | D23: =IF(C23="Sim",1,IF(C23="Não",0,IF(C23="Às vezes",0.5,"-"))) -> - | E23: Total de Acertos | F23: =SUM(G13:G22) -> 0 | H23: 11 Empurra 3 blocos como se fosse um comboio. | J23: =IF(I23="Sim",1,IF(I23="Não",0,IF(I23="Às vezes",0.5,"-"))) -> - | K23: 11 Segura a caneca com ambas as mãos e bebe. | M23: =IF(L23="Sim",1,IF(L23="Não",0,IF(L23="Às vezes",0.5,"-"))) -> - | N23: 11 Em DV, move-se para frente o equivalente à sua altura. | P23: =IF(O23="Sim",1,IF(O23="Não",0,IF(O23="Às vezes",0.5,"-"))) -> -
B24: 12 Segura e examina por 1 minuto um objeto que lhe foi dado. | D24: =IF(C24="Sim",1,IF(C24="Não",0,IF(C24="Às vezes",0.5,"-"))) -> - | E24: Linguagem – 1 a 2 anos | H24: 12 Remove um círculo de uma prancha, por imitação. | J24: =IF(I24="Sim",1,IF(I24="Não",0,IF(I24="Às vezes",0.5,"-"))) -> - | K24: 12 Leva a colher cheia de comida até a boca com ajuda. | M24: =IF(L24="Sim",1,IF(L24="Não",0,IF(L24="Às vezes",0.5,"-"))) -> - | N24: 12 Em DD (decúbito dorsal), rola para o lado. | P24: =IF(O24="Sim",1,IF(O24="Não",0,IF(O24="Às vezes",0.5,"-"))) -> -
B25: 13 Sacode ou aperta um objeto colocado em sua mão, produzindo sons involuntários. | D25: =IF(C25="Sim",1,IF(C25="Não",0,IF(C25="Às vezes",0.5,"-"))) -> - | E25: 11 Diz 5 palavras diferentes. | G25: =IF(F25="Sim",1,IF(F25="Não",0,IF(F25="Às vezes",0.5,"-"))) -> - | H25: 13 Coloca um pino redondo em uma prancha de pinos, quando solicitado. | J25: =IF(I25="Sim",1,IF(I25="Não",0,IF(I25="Às vezes",0.5,"-"))) -> - | K25: 13 Estica braços e pernas ao ser vestido. | M25: =IF(L25="Sim",1,IF(L25="Não",0,IF(L25="Às vezes",0.5,"-"))) -> - | N25: 13 Em DD, vira de barriga para baixo. | P25: =IF(O25="Sim",1,IF(O25="Não",0,IF(O25="Às vezes",0.5,"-"))) -> -
B26: 14 Brinca sozinho por 10 minutos. | D26: =IF(C26="Sim",1,IF(C26="Não",0,IF(C26="Às vezes",0.5,"-"))) -> - | E26: 12 Pede "mais". | G26: =IF(F26="Sim",1,IF(F26="Não",0,IF(F26="Às vezes",0.5,"-"))) -> - | H26: 14 Executa gestos simples quando requisitado. | J26: =IF(I26="Sim",1,IF(I26="Não",0,IF(I26="Às vezes",0.5,"-"))) -> - | K26: Total de Acertos | L26: =SUM(M13:M25) -> 0 | N26: 14 Faz esforço para sentar-se, segurando nos dedos do adulto. | P26: =IF(O26="Sim",1,IF(O26="Não",0,IF(O26="Às vezes",0.5,"-"))) -> -
B27: 15 Procura contato visual quando alguém lhe dá atenção por 2 a 3 minutos. | D27: =IF(C27="Sim",1,IF(C27="Não",0,IF(C27="Às vezes",0.5,"-"))) -> - | E27: 13 Diz "acabou". | G27: =IF(F27="Sim",1,IF(F27="Não",0,IF(F27="Às vezes",0.5,"-"))) -> - | H27: Total de Acertos | I27: =SUM(J13:J26) -> 0 | K27: Auto cuidados – 1 a 2 anos | N27: 15 Vira a cabeça com facilidade quando o corpo está apoiado. | P27: =IF(O27="Sim",1,IF(O27="Não",0,IF(O27="Às vezes",0.5,"-"))) -> -
B28: 16 Brinca sozinho sem reclamar por 15 a 20 minutos, próximo de um adulto. | D28: =IF(C28="Sim",1,IF(C28="Não",0,IF(C28="Às vezes",0.5,"-"))) -> - | E28: 14 Obedece a 3 ordens diferentes que não são acompanhadas de gestos indicativos. | G28: =IF(F28="Sim",1,IF(F28="Não",0,IF(F28="Às vezes",0.5,"-"))) -> - | H28: Cognição – 1 a 2 anos | K28: 14 Come com colher de modo independente. | M28: =IF(L28="Sim",1,IF(L28="Não",0,IF(L28="Às vezes",0.5,"-"))) -> - | N28: 16 Mantém-se sentado por 2 minutos. | P28: =IF(O28="Sim",1,IF(O28="Não",0,IF(O28="Às vezes",0.5,"-"))) -> -
B29: 17 Vocaliza para obter atenção | D29: =IF(C29="Sim",1,IF(C29="Não",0,IF(C29="Às vezes",0.5,"-"))) -> - | E29: 15 Consegue "dar" ou "mostrar" quando solicitado. | G29: =IF(F29="Sim",1,IF(F29="Não",0,IF(F29="Às vezes",0.5,"-"))) -> - | H29: 15 Retira 6 objetos de um recipiente, um por vez. | J29: =IF(I29="Sim",1,IF(I29="Não",0,IF(I29="Às vezes",0.5,"-"))) -> - | K29: 15 Segura a caneca com uma só mão e bebe. | M29: =IF(L29="Sim",1,IF(L29="Não",0,IF(L29="Às vezes",0.5,"-"))) -> - | N29: 17 Solta um objeto para apanhar outro. | P29: =IF(O29="Sim",1,IF(O29="Não",0,IF(O29="Às vezes",0.5,"-"))) -> -
B30: 18 Imita adulto em brincadeiras de esconde-esconde | D30: =IF(C30="Sim",1,IF(C30="Não",0,IF(C30="Às vezes",0.5,"-"))) -> - | E30: 16 Aponta para 12 objetos quando nomeados. | G30: =IF(F30="Sim",1,IF(F30="Não",0,IF(F30="Às vezes",0.5,"-"))) -> - | H30: 16 Aponta para uma parte do corpo. | J30: =IF(I30="Sim",1,IF(I30="Não",0,IF(I30="Às vezes",0.5,"-"))) -> - | K30: 16 Coloca a mão na água e dá tapinhas no rosto com as mãos molhadas, imitando alguém. | M30: =IF(L30="Sim",1,IF(L30="Não",0,IF(L30="Às vezes",0.5,"-"))) -> - | N30: 18 Apanha e deixa cair um objeto propositalmente. | P30: =IF(O30="Sim",1,IF(O30="Não",0,IF(O30="Às vezes",0.5,"-"))) -> -
B31: 19 Bate palmas, imitando um adulto | D31: =IF(C31="Sim",1,IF(C31="Não",0,IF(C31="Às vezes",0.5,"-"))) -> - | E31: 17 Aponta para 3 a 5 figuras em um livro. | G31: =IF(F31="Sim",1,IF(F31="Não",0,IF(F31="Às vezes",0.5,"-"))) -> - | H31: 17 Empilha 3 blocos, dada a ordem. | J31: =IF(I31="Sim",1,IF(I31="Não",0,IF(I31="Às vezes",0.5,"-"))) -> - | K31: 17 Senta-se em um piniquinho ou sanitário infantil por 5 min | M31: =IF(L31="Sim",1,IF(L31="Não",0,IF(L31="Às vezes",0.5,"-"))) -> - | N31: 19 Fica em pé com o máximo de apoio. | P31: =IF(O31="Sim",1,IF(O31="Não",0,IF(O31="Às vezes",0.5,"-"))) -> -
B32: 20 Acena a mão, imitando um adulto. | D32: =IF(C32="Sim",1,IF(C32="Não",0,IF(C32="Às vezes",0.5,"-"))) -> - | E32: 18 Aponta para 3 partes de seu próprio corpo. | G32: =IF(F32="Sim",1,IF(F32="Não",0,IF(F32="Às vezes",0.5,"-"))) -> - | H32: 18 Emparelha objetos semelhantes. | J32: =IF(I32="Sim",1,IF(I32="Não",0,IF(I32="Às vezes",0.5,"-"))) -> - | K32: 18 Coloca um chapéu na cabeça e o remove. | M32: =IF(L32="Sim",1,IF(L32="Não",0,IF(L32="Às vezes",0.5,"-"))) -> - | N32: 20 Estando em pé com apoio, pula para cima e para baixo. | P32: =IF(O32="Sim",1,IF(O32="Não",0,IF(O32="Às vezes",0.5,"-"))) -> -
B33: 21 Ergue os braços para expressar “grande”, imitando um adulto | D33: =IF(C33="Sim",1,IF(C33="Não",0,IF(C33="Às vezes",0.5,"-"))) -> - | E33: 19 Diz seu nome ou apelido quando solicitado. | G33: =IF(F33="Sim",1,IF(F33="Não",0,IF(F33="Às vezes",0.5,"-"))) -> - | H33: 19 Faz rabiscos no papel. | J33: =IF(I33="Sim",1,IF(I33="Não",0,IF(I33="Às vezes",0.5,"-"))) -> - | K33: 19 Tira as meias. | M33: =IF(L33="Sim",1,IF(L33="Não",0,IF(L33="Às vezes",0.5,"-"))) -> - | N33: 21 Engatinha para apanhar um objeto (distante a sua altura). | P33: =IF(O33="Sim",1,IF(O33="Não",0,IF(O33="Às vezes",0.5,"-"))) -> -
B34: 22 Oferece algo, mas nem sempre entrega. | D34: =IF(C34="Sim",1,IF(C34="Não",0,IF(C34="Às vezes",0.5,"-"))) -> - | E34: 20 Responde à pergunta "O que é isto?" | G34: =IF(F34="Sim",1,IF(F34="Não",0,IF(F34="Às vezes",0.5,"-"))) -> - | H34: 20 Aponta para si quando perguntam "Cadê o Fulano?" | J34: =IF(I34="Sim",1,IF(I34="Não",0,IF(I34="Às vezes",0.5,"-"))) -> - | K34: 20 Empurra os braços pelas mangas e os pés pelas pernas da calça. | M34: =IF(L34="Sim",1,IF(L34="Não",0,IF(L34="Às vezes",0.5,"-"))) -> - | N34: 22 Senta-se apoiando-se sozinho. | P34: =IF(O34="Sim",1,IF(O34="Não",0,IF(O34="Às vezes",0.5,"-"))) -> -
B35: 23 Abraça, acaricia e beija familiares. | D35: =IF(C35="Sim",1,IF(C35="Não",0,IF(C35="Às vezes",0.5,"-"))) -> - | E35: 21 Combina palavras e gestos para expressar desejos. | G35: =IF(F35="Sim",1,IF(F35="Não",0,IF(F35="Às vezes",0.5,"-"))) -> - | H35: 21 Coloca 5 pinos redondos, dada a ordem. | J35: =IF(I35="Sim",1,IF(I35="Não",0,IF(I35="Às vezes",0.5,"-"))) -> - | K35: 21 Tira os sapatos quando os cordões estiverem desamarrados | M35: =IF(L35="Sim",1,IF(L35="Não",0,IF(L35="Às vezes",0.5,"-"))) -> - | N35: 23 Estando sentado, vira de gatinhas. | P35: =IF(O35="Sim",1,IF(O35="Não",0,IF(O35="Às vezes",0.5,"-"))) -> -
B36: 24 Responde ao próprio nome, olhando ou estendendo o braço para ser pego. | D36: =IF(C36="Sim",1,IF(C36="Não",0,IF(C36="Às vezes",0.5,"-"))) -> - | E36: 22 Nomeia 5 membros da família, incluindo animais. | G36: =IF(F36="Sim",1,IF(F36="Não",0,IF(F36="Às vezes",0.5,"-"))) -> - | H36: 22 Emparelha objetos com a figura do mesmo nome. | J36: =IF(I36="Sim",1,IF(I36="Não",0,IF(I36="Às vezes",0.5,"-"))) -> - | K36: 22 Tira o casaco quando desabotoado. | M36: =IF(L36="Sim",1,IF(L36="Não",0,IF(L36="Às vezes",0.5,"-"))) -> - | N36: 24 Estando em DV consegue sentar-se. | P36: =IF(O36="Sim",1,IF(O36="Não",0,IF(O36="Às vezes",0.5,"-"))) -> -
B37: 25 Aperta ou sacode um brinquedo para produzir sons, em imitação. | D37: =IF(C37="Sim",1,IF(C37="Não",0,IF(C37="Às vezes",0.5,"-"))) -> - | E37: 23 Nomeia 4 brinquedos. | G37: =IF(F37="Sim",1,IF(F37="Não",0,IF(F37="Às vezes",0.5,"-"))) -> - | H37: 23 Aponta para a figura nomeada. | J37: =IF(I37="Sim",1,IF(I37="Não",0,IF(I37="Às vezes",0.5,"-"))) -> - | K37: 23 Tira a calça quando desabotoada. | M37: =IF(L37="Sim",1,IF(L37="Não",0,IF(L37="Às vezes",0.5,"-"))) -> - | N37: 25 Senta-se sem o apoio das mãos. | P37: =IF(O37="Sim",1,IF(O37="Não",0,IF(O37="Às vezes",0.5,"-"))) -> -
B38: 26 Manipula brinquedo ou objeto. | D38: =IF(C38="Sim",1,IF(C38="Não",0,IF(C38="Às vezes",0.5,"-"))) -> - | E38: 24 Produz sons de animais, ou os nomeia pelo som | G38: =IF(F38="Sim",1,IF(F38="Não",0,IF(F38="Às vezes",0.5,"-"))) -> - | H38: 24 Vira as páginas de um livro (2/3 por vez) para encontrar a figura nomeada. | J38: =IF(I38="Sim",1,IF(I38="Não",0,IF(I38="Às vezes",0.5,"-"))) -> - | K38: 24 Puxa um fecho grande para cima e para baixo. | M38: =IF(L38="Sim",1,IF(L38="Não",0,IF(L38="Às vezes",0.5,"-"))) -> - | N38: 26 Atira objetos ao acaso. | P38: =IF(O38="Sim",1,IF(O38="Não",0,IF(O38="Às vezes",0.5,"-"))) -> -
B39: 27 Estende um brinquedo ou objeto a um adulto e o entrega. | D39: =IF(C39="Sim",1,IF(C39="Não",0,IF(C39="Às vezes",0.5,"-"))) -> - | E39: 25 Pede alimentos conhecidos pelo nome, quando mostrados. | G39: =IF(F39="Sim",1,IF(F39="Não",0,IF(F39="Às vezes",0.5,"-"))) -> - | H39: Total de Acertos | I39: =SUM(J29:J38) -> 0 | K39: 25 Utiliza palavras ou gestos indicando necessidade de ir ao banheiro. | M39: =IF(L39="Sim",1,IF(L39="Não",0,IF(L39="Às vezes",0.5,"-"))) -> - | N39: 27 Balança para frente e para trás quando de gatinhas. | P39: =IF(O39="Sim",1,IF(O39="Não",0,IF(O39="Às vezes",0.5,"-"))) -> -
B40: 28 Imita movimentos de outras crianças ao brincar. | D40: =IF(C40="Sim",1,IF(C40="Não",0,IF(C40="Às vezes",0.5,"-"))) -> - | E40: 26 Faz perguntas variando a entonação da voz | G40: =IF(F40="Sim",1,IF(F40="Não",0,IF(F40="Às vezes",0.5,"-"))) -> - | H40: Cognição – 2 a 3 anos | K40: Total de Acertos | L40: =SUM(M28:M39) -> 0 | N40: 28 Transfere objetos de uma mão para outra quando sentado. | P40: =IF(O40="Sim",1,IF(O40="Não",0,IF(O40="Às vezes",0.5,"-"))) -> -
B41: Total de Acertos | C41: =SUM(D13:D40) -> 1.5 | E41: 27 Nomeia 3 partes do corpo em uma boneca ou outra pessoa. | G41: =IF(F41="Sim",1,IF(F41="Não",0,IF(F41="Às vezes",0.5,"-"))) -> - | H41: 25 Encontra determinado livro quando solicitado. | J41: =IF(I41="Sim",1,IF(I41="Não",0,IF(I41="Às vezes",0.5,"-"))) -> - | K41: Auto cuidados – 2 a 3 anos | N41: 29 Retém em uma das mãos 2 cubos de 2,5 cm. | P41: =IF(O41="Sim",1,IF(O41="Não",0,IF(O41="Às vezes",0.5,"-"))) -> -
B42: Socialização – 1 a 2 anos | C42: Sim/Não/Às vezes | D42: Ptos | E42: 28 Responde a perguntas de sim / não. | G42: =IF(F42="Sim",1,IF(F42="Não",0,IF(F42="Às vezes",0.5,"-"))) -> - | H42: 26 Completa um quebra-cabeça de encaixe de 3 peças. | J42: =IF(I42="Sim",1,IF(I42="Não",0,IF(I42="Às vezes",0.5,"-"))) -> - | K42: 26 Alimenta-se sozinho usando colher ou caneca, derrubando um pouco de comida ou derramando pouco líquido. | M42: =IF(L42="Sim",1,IF(L42="Não",0,IF(L42="Às vezes",0.5,"-"))) -> - | N42: 30 Fica de joelhos. | P42: =IF(O42="Sim",1,IF(O42="Não",0,IF(O42="Às vezes",0.5,"-"))) -> -
B43: 29 Imita um adulto em uma tarefa simples. | D43: =IF(C43="Sim",1,IF(C43="Não",0,IF(C43="Às vezes",0.5,"-"))) -> - | E43: Total de Acertos | F43: =SUM(G25:G42) -> 0 | H43: 27 Nomeia 4 objetos comuns em figuras. | J43: =IF(I43="Sim",1,IF(I43="Não",0,IF(I43="Às vezes",0.5,"-"))) -> - | K43: 27 Quando recebe uma toalha enxuga as mãos e o rosto com ajuda | M43: =IF(L43="Sim",1,IF(L43="Não",0,IF(L43="Às vezes",0.5,"-"))) -> - | N43: 31 Fica em pé, apoiando-se em algo. | P43: =IF(O43="Sim",1,IF(O43="Não",0,IF(O43="Às vezes",0.5,"-"))) -> -
B44: 30 Brinca ao lado de outra criança, cada uma realizando tarefas diferentes. | D44: =IF(C44="Sim",1,IF(C44="Não",0,IF(C44="Às vezes",0.5,"-"))) -> - | E44: Linguagem – 2 a 3 anos | H44: 28 Desenha uma linha vertical imitando um adulto. | J44: =IF(I44="Sim",1,IF(I44="Não",0,IF(I44="Às vezes",0.5,"-"))) -> - | K44: 28 Suga líquido do copo ou caneca usando canudinho. | M44: =IF(L44="Sim",1,IF(L44="Não",0,IF(L44="Às vezes",0.5,"-"))) -> - | N44: 32 Usa preensão de pinça para pegar objetos. | P44: =IF(O44="Sim",1,IF(O44="Não",0,IF(O44="Às vezes",0.5,"-"))) -> -
B45: 31 Toma parte em uma brincadeira com outra criança por 2 a 5 minutos. | D45: =IF(C45="Sim",1,IF(C45="Não",0,IF(C45="Às vezes",0.5,"-"))) -> - | E45: 29 Combina substantivos ou adjetivos e substantivos em frases de 2 palavras. | G45: =IF(F45="Sim",1,IF(F45="Não",0,IF(F45="Às vezes",0.5,"-"))) -> - | H45: 29 Desenha uma linha horizontal imitando um adulto. | J45: =IF(I45="Sim",1,IF(I45="Não",0,IF(I45="Às vezes",0.5,"-"))) -> - | K45: 29 Dá garfadas. | M45: =IF(L45="Sim",1,IF(L45="Não",0,IF(L45="Às vezes",0.5,"-"))) -> - | N45: 33 Engatinha. | P45: =IF(O45="Sim",1,IF(O45="Não",0,IF(O45="Às vezes",0.5,"-"))) -> -
B46: 32 Aceita a ausência dos pais, embora possa reclamar. | D46: =IF(C46="Sim",1,IF(C46="Não",0,IF(C46="Às vezes",0.5,"-"))) -> - | E46: 30 Combina substantivo e verbo em frases de 2 palavras | G46: =IF(F46="Sim",1,IF(F46="Não",0,IF(F46="Às vezes",0.5,"-"))) -> - | H46: 30 Copia um círculo. | J46: =IF(I46="Sim",1,IF(I46="Não",0,IF(I46="Às vezes",0.5,"-"))) -> - | K46: 30 Mastiga e engole apenas substâncias comestíveis. | M46: =IF(L46="Sim",1,IF(L46="Não",0,IF(L46="Às vezes",0.5,"-"))) -> - | N46: 34 Estando de gatinhas, estende uma das mãos para o alto. | P46: =IF(O46="Sim",1,IF(O46="Não",0,IF(O46="Às vezes",0.5,"-"))) -> -
B47: 33 Explora ativamente seu meio ambiente. | D47: =IF(C47="Sim",1,IF(C47="Não",0,IF(C47="Às vezes",0.5,"-"))) -> - | E47: 31 Usa uma palavra para indicar que quer ir ao banheiro | G47: =IF(F47="Sim",1,IF(F47="Não",0,IF(F47="Às vezes",0.5,"-"))) -> - | H47: 31 Emparelha objetos com a mesma textura. | J47: =IF(I47="Sim",1,IF(I47="Não",0,IF(I47="Às vezes",0.5,"-"))) -> - | K47: 31 Enxuga as mãos sem ajuda ao lhe darem uma toalha | M47: =IF(L47="Sim",1,IF(L47="Não",0,IF(L47="Às vezes",0.5,"-"))) -> - | N47: 35 Fica em pé com o mínimo de apoio. | P47: =IF(O47="Sim",1,IF(O47="Não",0,IF(O47="Às vezes",0.5,"-"))) -> -
B48: 34 Realiza atividade manipulativa com outra pessoa. | D48: =IF(C48="Sim",1,IF(C48="Não",0,IF(C48="Às vezes",0.5,"-"))) -> - | E48: 32 Combina verbo ou substantivo com "lá" e "aqui" em frases de 2 palavras. | G48: =IF(F48="Sim",1,IF(F48="Não",0,IF(F48="Às vezes",0.5,"-"))) -> - | H48: 32 Aponta o "pequeno" e o "grande" quando solicitado. | J48: =IF(I48="Sim",1,IF(I48="Não",0,IF(I48="Às vezes",0.5,"-"))) -> - | K48: 32 Avisa que quer ir ao banheiro, mesmo sendo tarde demais. | M48: =IF(L48="Sim",1,IF(L48="Não",0,IF(L48="Às vezes",0.5,"-"))) -> - | N48: 36 Lambe a comida ao redor da boca. | P48: =IF(O48="Sim",1,IF(O48="Não",0,IF(O48="Às vezes",0.5,"-"))) -> -
B49: 35 Abraça e carrega uma boneca ou brinquedo macio. | D49: =IF(C49="Sim",1,IF(C49="Não",0,IF(C49="Às vezes",0.5,"-"))) -> - | E49: 33 Combina 2 palavras para expressar posse. | G49: =IF(F49="Sim",1,IF(F49="Não",0,IF(F49="Às vezes",0.5,"-"))) -> - | H49: 33 Desenha (+) imitando um adulto. | J49: =IF(I49="Sim",1,IF(I49="Não",0,IF(I49="Às vezes",0.5,"-"))) -> - | K49: 33 Controla sua baba. | M49: =IF(L49="Sim",1,IF(L49="Não",0,IF(L49="Às vezes",0.5,"-"))) -> - | N49: 37 Mantém-se em pé sozinho por um minuto. | P49: =IF(O49="Sim",1,IF(O49="Não",0,IF(O49="Às vezes",0.5,"-"))) -> -
B50: 36 Repete ações que produzem risos e atenção. | D50: =IF(C50="Sim",1,IF(C50="Não",0,IF(C50="Às vezes",0.5,"-"))) -> - | E50: 34 Emprega "não" na fala | G50: =IF(F50="Sim",1,IF(F50="Não",0,IF(F50="Às vezes",0.5,"-"))) -> - | H50: 34 Emparelha 3 cores. | J50: =IF(I50="Sim",1,IF(I50="Não",0,IF(I50="Às vezes",0.5,"-"))) -> - | K50: 34 Urina ou defeca quando colocado no piniquinho pelo menos 3 vezes por semana. | M50: =IF(L50="Sim",1,IF(L50="Não",0,IF(L50="Às vezes",0.5,"-"))) -> - | N50: 38 Derruba um objeto que está dentro de um recipiente. | P50: =IF(O50="Sim",1,IF(O50="Não",0,IF(O50="Às vezes",0.5,"-"))) -> -
B51: 37 Dá um livro para que um adulto o leia ou para que ambos o compartilhem. | D51: =IF(C51="Sim",1,IF(C51="Não",0,IF(C51="Às vezes",0.5,"-"))) -> - | E51: 35 Responde à pergunta "O que .... está fazendo?" para atividade habituais. | G51: =IF(F51="Sim",1,IF(F51="Não",0,IF(F51="Às vezes",0.5,"-"))) -> - | H51: 35 Coloca objetos dentro, em cima e em baixo de um recipiente, dada a ordem. | J51: =IF(I51="Sim",1,IF(I51="Não",0,IF(I51="Às vezes",0.5,"-"))) -> - | K51: 35 Calça os sapatos. | M51: =IF(L51="Sim",1,IF(L51="Não",0,IF(L51="Às vezes",0.5,"-"))) -> - | N51: 39 Vira várias páginas de um livro ao mesmo tempo. | P51: =IF(O51="Sim",1,IF(O51="Não",0,IF(O51="Às vezes",0.5,"-"))) -> -
B52: 38 Puxa uma pessoa a mostrar-lhe algo. | D52: =IF(C52="Sim",1,IF(C52="Não",0,IF(C52="Às vezes",0.5,"-"))) -> - | E52: 36 Responde a perguntas tipo "Onde está objeto?" | G52: =IF(F52="Sim",1,IF(F52="Não",0,IF(F52="Às vezes",0.5,"-"))) -> - | H52: 36 Nomeia objetos quando ouve o barulho que fazem. | J52: =IF(I52="Sim",1,IF(I52="Não",0,IF(I52="Às vezes",0.5,"-"))) -> - | K52: 36 Escova os dentes imitando um adulto. | M52: =IF(L52="Sim",1,IF(L52="Não",0,IF(L52="Às vezes",0.5,"-"))) -> - | N52: 40 Escava com uma colher ou pá. | P52: =IF(O52="Sim",1,IF(O52="Não",0,IF(O52="Às vezes",0.5,"-"))) -> -
B53: 39 Retira a mão ou diz "não" quando está próximo de um objeto não permitido e alguém o lembra disto. | D53: =IF(C53="Sim",1,IF(C53="Não",0,IF(C53="Às vezes",0.5,"-"))) -> - | E53: 37 Nomeia sons ambientais familiares. | G53: =IF(F53="Sim",1,IF(F53="Não",0,IF(F53="Às vezes",0.5,"-"))) -> - | H53: 37 Monta um brinquedo de encaixe de 4 peças. | J53: =IF(I53="Sim",1,IF(I53="Não",0,IF(I53="Às vezes",0.5,"-"))) -> - | K53: 37 Retira roupas simples que foram desabotoadas. | M53: =IF(L53="Sim",1,IF(L53="Não",0,IF(L53="Às vezes",0.5,"-"))) -> - | N53: 41 Coloca pequenos objetos dentro do recipiente. | P53: =IF(O53="Sim",1,IF(O53="Não",0,IF(O53="Às vezes",0.5,"-"))) -> -
B54: 40 Quando colocado em sua cadeira ou trocador espera ser atendido. | D54: =IF(C54="Sim",1,IF(C54="Não",0,IF(C54="Às vezes",0.5,"-"))) -> - | E54: 38 Dá mais de um objeto quando se usa a forma plural na solicitação. | G54: =IF(F54="Sim",1,IF(F54="Não",0,IF(F54="Às vezes",0.5,"-"))) -> - | H54: 38 Nomeia ações em figuras ("O que ... está fazendo?"). | J54: =IF(I54="Sim",1,IF(I54="Não",0,IF(I54="Às vezes",0.5,"-"))) -> - | K54: 38 Usa o banheiro para defecar (falha apenas 1x por semana). | M54: =IF(L54="Sim",1,IF(L54="Não",0,IF(L54="Às vezes",0.5,"-"))) -> - | N54: 42 Estando de pé, abaixa-se e senta. | P54: =IF(O54="Sim",1,IF(O54="Não",0,IF(O54="Às vezes",0.5,"-"))) -> -
B55: 41 Brinca com 2 ou 3 crianças da sua idade. | D55: =IF(C55="Sim",1,IF(C55="Não",0,IF(C55="Às vezes",0.5,"-"))) -> - | E55: 39 Ao falar, refere-se a si próprio pelo nome. | G55: =IF(F55="Sim",1,IF(F55="Não",0,IF(F55="Às vezes",0.5,"-"))) -> - | H55: 39 Emparelha forma geométrica com a figura da mesma. | J55: =IF(I55="Sim",1,IF(I55="Não",0,IF(I55="Às vezes",0.5,"-"))) -> - | K55: 39 Obtém água de uma torneira sem ajuda. | M55: =IF(L55="Sim",1,IF(L55="Não",0,IF(L55="Às vezes",0.5,"-"))) -> - | N55: 43 Bate palmas. | P55: =IF(O55="Sim",1,IF(O55="Não",0,IF(O55="Às vezes",0.5,"-"))) -> -
B56: 42 Compartilha um objeto ou alimento com outra criança. | D56: =IF(C56="Sim",1,IF(C56="Não",0,IF(C56="Às vezes",0.5,"-"))) -> - | E56: 40 Aponta para figuras de objetos comuns descritos pelo uso (até 10) ("O que se usa pra comer? = colher") | G56: =IF(F56="Sim",1,IF(F56="Não",0,IF(F56="Às vezes",0.5,"-"))) -> - | H56: 40 Empilha 5 ou mais argolas em uma vara na ordem. | J56: =IF(I56="Sim",1,IF(I56="Não",0,IF(I56="Às vezes",0.5,"-"))) -> - | K56: 40 Lava as mãos e o rosto com um sabonete. | M56: =IF(L56="Sim",1,IF(L56="Não",0,IF(L56="Às vezes",0.5,"-"))) -> - | N56: 44 Anda com um mínimo de apoio. | P56: =IF(O56="Sim",1,IF(O56="Não",0,IF(O56="Às vezes",0.5,"-"))) -> -
B57: 43 Cumprimenta colegas ou adultos quando lembrado. | D57: =IF(C57="Sim",1,IF(C57="Não",0,IF(C57="Às vezes",0.5,"-"))) -> - | E57: 41 Mostra a idade pelos dedos. | G57: =IF(F57="Sim",1,IF(F57="Não",0,IF(F57="Às vezes",0.5,"-"))) -> - | H57: Total de Acertos | I57: =SUM(J41:J56) -> 0 | K57: 41 Avisa que quer ir ao banheiro durante o dia a tempo. | M57: =IF(L57="Sim",1,IF(L57="Não",0,IF(L57="Às vezes",0.5,"-"))) -> - | N57: 45 Dá alguns passos sem apoio. | P57: =IF(O57="Sim",1,IF(O57="Não",0,IF(O57="Às vezes",0.5,"-"))) -> -
B58: Total de Acertos | C58: =SUM(D43:D57) -> 0 | E58: 42 Diz seu sexo quando solicitado. | G58: =IF(F58="Sim",1,IF(F58="Não",0,IF(F58="Às vezes",0.5,"-"))) -> - | H58: Cognição – 3 a 4 anos | K58: 42 Pendura o casaco em um gancho da sua altura. | M58: =IF(L58="Sim",1,IF(L58="Não",0,IF(L58="Às vezes",0.5,"-"))) -> - | N58: Total de Acertos | O58: =SUM(P13:P57) -> 0
B59: Socialização – 2 a 3 anos | C59: Sim/Não/Às vezes | D59: Ptos | E59: 43 Obedece à seqüência de duas ordens relacionadas. | G59: =IF(F59="Sim",1,IF(F59="Não",0,IF(F59="Às vezes",0.5,"-"))) -> - | H59: 41 Nomeia objetos como sendo grandes ou pequenos. | J59: =IF(I59="Sim",1,IF(I59="Não",0,IF(I59="Às vezes",0.5,"-"))) -> - | K59: 43 Permanece seco ao dormir durante o dia. | M59: =IF(L59="Sim",1,IF(L59="Não",0,IF(L59="Às vezes",0.5,"-"))) -> - | N59: Desenvolvimento Motor – 1 a 2 anos
B60: 44 Obedece às ordens dos pais pelo menos ½ das vezes. | D60: =IF(C60="Sim",1,IF(C60="Não",0,IF(C60="Às vezes",0.5,"-"))) -> - | E60: 44 Usa a forma do verbo no gerúndio. | G60: =IF(F60="Sim",1,IF(F60="Não",0,IF(F60="Às vezes",0.5,"-"))) -> - | H60: 42 Aponta para 10 partes do corpo quando requisitado. | J60: =IF(I60="Sim",1,IF(I60="Não",0,IF(I60="Às vezes",0.5,"-"))) -> - | K60: 44 Evita riscos, por ex: pontas em móveis e escadas sem corrimão. | M60: =IF(L60="Sim",1,IF(L60="Não",0,IF(L60="Às vezes",0.5,"-"))) -> - | N60: 46 Sobe escadas engatinhando. | P60: =IF(O60="Sim",1,IF(O60="Não",0,IF(O60="Às vezes",0.5,"-"))) -> -
B61: 45 Busca / leva um objeto ou pessoa, quando solicitado. | D61: =IF(C61="Sim",1,IF(C61="Não",0,IF(C61="Às vezes",0.5,"-"))) -> - | E61: 45 Emprega formas regulares no plural. | G61: =IF(F61="Sim",1,IF(F61="Não",0,IF(F61="Às vezes",0.5,"-"))) -> - | H61: 43 Aponta para menino e menina, dada a ordem. | J61: =IF(I61="Sim",1,IF(I61="Não",0,IF(I61="Às vezes",0.5,"-"))) -> - | K61: 45 Usa guardanapo quando recomendado. | M61: =IF(L61="Sim",1,IF(L61="Não",0,IF(L61="Às vezes",0.5,"-"))) -> - | N61: 47 Coloca-se em pé, estando sentado. | P61: =IF(O61="Sim",1,IF(O61="Não",0,IF(O61="Às vezes",0.5,"-"))) -> -
B62: 46 Presta atenção à estória ou música por 5 a 10 min. | D62: =IF(C62="Sim",1,IF(C62="Não",0,IF(C62="Às vezes",0.5,"-"))) -> - | E62: 46 Emprega algumas formas irregulares de verbos no passado de forma sistemática. | G62: =IF(F62="Sim",1,IF(F62="Não",0,IF(F62="Às vezes",0.5,"-"))) -> - | H62: 44 Diz se um objeto é pesado ou leve. | J62: =IF(I62="Sim",1,IF(I62="Não",0,IF(I62="Às vezes",0.5,"-"))) -> - | K62: 46 Espeta o garfo na comida, levando-a a boca. | M62: =IF(L62="Sim",1,IF(L62="Não",0,IF(L62="Às vezes",0.5,"-"))) -> - | N62: 48 Rola uma bola imitando um adulto. | P62: =IF(O62="Sim",1,IF(O62="Não",0,IF(O62="Às vezes",0.5,"-"))) -> -
B63: 47 Diz "Por favor" ou "Obrigado" quando lembrado. | D63: =IF(C63="Sim",1,IF(C63="Não",0,IF(C63="Às vezes",0.5,"-"))) -> - | E63: 47 Faz perguntas do tipo "O que é isso?" | G63: =IF(F63="Sim",1,IF(F63="Não",0,IF(F63="Às vezes",0.5,"-"))) -> - | H63: 45 Une 2 partes de uma figura para formar o todo. | J63: =IF(I63="Sim",1,IF(I63="Não",0,IF(I63="Às vezes",0.5,"-"))) -> - | K63: 47 Despeja líquido de uma peq. jarra para o copo sem ajuda. | M63: =IF(L63="Sim",1,IF(L63="Não",0,IF(L63="Às vezes",0.5,"-"))) -> - | N63: 49 Sobe em uma cadeira de adulto, vira-se e senta. | P63: =IF(O63="Sim",1,IF(O63="Não",0,IF(O63="Às vezes",0.5,"-"))) -> -
B64: 48 Tenta ajudar os pais a executarem tarefas realizando parte da mesma | D64: =IF(C64="Sim",1,IF(C64="Não",0,IF(C64="Às vezes",0.5,"-"))) -> - | E64: 48 Controla o volume da voz 90% das vezes. | G64: =IF(F64="Sim",1,IF(F64="Não",0,IF(F64="Às vezes",0.5,"-"))) -> - | H64: 46 Descreve 2 eventos ou personagens de uma estória familiar ou programa de televisão. | J64: =IF(I64="Sim",1,IF(I64="Não",0,IF(I64="Às vezes",0.5,"-"))) -> - | K64: 48 Desprende roupas presas com o feixe de pressão. | M64: =IF(L64="Sim",1,IF(L64="Não",0,IF(L64="Às vezes",0.5,"-"))) -> - | N64: 50 Coloca 4 aros em uma pequena estaca. | P64: =IF(O64="Sim",1,IF(O64="Não",0,IF(O64="Às vezes",0.5,"-"))) -> -
B65: 49 Brinca de usar roupas de adultos. | D65: =IF(C65="Sim",1,IF(C65="Não",0,IF(C65="Às vezes",0.5,"-"))) -> - | E65: 49 Usa "este / esta" e "aquele / aquela" na fala. | G65: =IF(F65="Sim",1,IF(F65="Não",0,IF(F65="Às vezes",0.5,"-"))) -> - | H65: 47 Repete brincadeiras (rimas ou canções) que envolvam movimentos coordenados. | J65: =IF(I65="Sim",1,IF(I65="Não",0,IF(I65="Às vezes",0.5,"-"))) -> - | K65: 49 Lava seus braços e pernas ao lhe darem banho. | M65: =IF(L65="Sim",1,IF(L65="Não",0,IF(L65="Às vezes",0.5,"-"))) -> - | N65: 51 Retira pinos de 2,5 cm de uma prancha ou tabuleiro. | P65: =IF(O65="Sim",1,IF(O65="Não",0,IF(O65="Às vezes",0.5,"-"))) -> -
B66: 50 Faz uma escolha quando indagado. | D66: =IF(C66="Sim",1,IF(C66="Não",0,IF(C66="Às vezes",0.5,"-"))) -> - | E66: 50 Emprega "é" e "está" em frases simples. | G66: =IF(F66="Sim",1,IF(F66="Não",0,IF(F66="Às vezes",0.5,"-"))) -> - | H66: 48 Emparelha 3 ou mais objetos. | J66: =IF(I66="Sim",1,IF(I66="Não",0,IF(I66="Às vezes",0.5,"-"))) -> - | K66: 50 Coloca meias. | M66: =IF(L66="Sim",1,IF(L66="Não",0,IF(L66="Às vezes",0.5,"-"))) -> - | N66: 52 Encaixa pinos de 2,5 cm em uma prancha de encaixe. | P66: =IF(O66="Sim",1,IF(O66="Não",0,IF(O66="Às vezes",0.5,"-"))) -> -
B67: 51 Demonstra entender sentimentos, expressando-os. | D67: =IF(C67="Sim",1,IF(C67="Não",0,IF(C67="Às vezes",0.5,"-"))) -> - | E67: 51 Diz "eu", "mim", "meu" ao invés do próprio nome. | G67: =IF(F67="Sim",1,IF(F67="Não",0,IF(F67="Às vezes",0.5,"-"))) -> - | H67: 49 Aponta para objetos compridos ou curtos. | J67: =IF(I67="Sim",1,IF(I67="Não",0,IF(I67="Às vezes",0.5,"-"))) -> - | K67: 51 Veste casaco, malha ou camisa. | M67: =IF(L67="Sim",1,IF(L67="Não",0,IF(L67="Às vezes",0.5,"-"))) -> - | N67: 53 Constrói uma torre de 3 blocos. | P67: =IF(O67="Sim",1,IF(O67="Não",0,IF(O67="Às vezes",0.5,"-"))) -> -
B68: Total de Acertos | C68: =SUM(D60:D67) -> 0 | E68: 52 Aponta objetos e diz que eles não são outras coisas | G68: =IF(F68="Sim",1,IF(F68="Não",0,IF(F68="Às vezes",0.5,"-"))) -> - | H68: 50 Associa objetos correspondentes. Ex: meia/sapato. | J68: =IF(I68="Sim",1,IF(I68="Não",0,IF(I68="Às vezes",0.5,"-"))) -> - | K68: 52 Identifica a parte dianteira da roupa. | M68: =IF(L68="Sim",1,IF(L68="Não",0,IF(L68="Às vezes",0.5,"-"))) -> - | N68: 54 Faz traços no papel com lápis ou lápis de cera. | P68: =IF(O68="Sim",1,IF(O68="Não",0,IF(O68="Às vezes",0.5,"-"))) -> -
B69: Socialização – 3 a 4 anos | E69: 53 Responde à pergunta "Quem?" dando um nome | G69: =IF(F69="Sim",1,IF(F69="Não",0,IF(F69="Às vezes",0.5,"-"))) -> - | H69: 51 Conta até 3 imitando um adulto. | J69: =IF(I69="Sim",1,IF(I69="Não",0,IF(I69="Às vezes",0.5,"-"))) -> - | K69: Total de Acertos | L69: =SUM(M42:M68) -> 0 | N69: 55 Anda sozinho. | P69: =IF(O69="Sim",1,IF(O69="Não",0,IF(O69="Às vezes",0.5,"-"))) -> -
B70: 52 Canta e dança ao ouvir músicas. | D70: =IF(C70="Sim",1,IF(C70="Não",0,IF(C70="Às vezes",0.5,"-"))) -> - | E70: 54 Emprega as formas possessivas dos substantivos. | G70: =IF(F70="Sim",1,IF(F70="Não",0,IF(F70="Às vezes",0.5,"-"))) -> - | H70: 52 Agrupa objetos em categorias. | J70: =IF(I70="Sim",1,IF(I70="Não",0,IF(I70="Às vezes",0.5,"-"))) -> - | K70: Auto cuidados – 3 a 4 anos | N70: 56 Desce escadas sentado, colocando primeiro os pés. | P70: =IF(O70="Sim",1,IF(O70="Não",0,IF(O70="Às vezes",0.5,"-"))) -> -
B71: 53 Segue regras de um jogo imitando ações de outras crianças. | D71: =IF(C71="Sim",1,IF(C71="Não",0,IF(C71="Às vezes",0.5,"-"))) -> - | E71: 55 Usa artigos ao falar. | G71: =IF(F71="Sim",1,IF(F71="Não",0,IF(F71="Às vezes",0.5,"-"))) -> - | H71: 53 Traça um (V) em imitação. | J71: =IF(I71="Sim",1,IF(I71="Não",0,IF(I71="Às vezes",0.5,"-"))) -> - | K71: 53 Alimenta-se sozinho por toda a refeição. | M71: =IF(L71="Sim",1,IF(L71="Não",0,IF(L71="Às vezes",0.5,"-"))) -> - | N71: 57 Senta-se em uma cadeirinha. | P71: =IF(O71="Sim",1,IF(O71="Não",0,IF(O71="Às vezes",0.5,"-"))) -> -
B72: 54 Cumprimenta pessoas familiares sem ser lembrado. | D72: =IF(C72="Sim",1,IF(C72="Não",0,IF(C72="Às vezes",0.5,"-"))) -> - | E72: 56 Usa substantivos que indicam grupo ou categoria. | G72: =IF(F72="Sim",1,IF(F72="Não",0,IF(F72="Às vezes",0.5,"-"))) -> - | H72: 54 Traça uma linha diagonal dado o exemplo. | J72: =IF(I72="Sim",1,IF(I72="Não",0,IF(I72="Às vezes",0.5,"-"))) -> - | K72: 54 Veste-se só, precisando de ajuda apenas quanto há malhas ou camisetas com golas fechadas ou botões e fechos. | M72: =IF(L72="Sim",1,IF(L72="Não",0,IF(L72="Às vezes",0.5,"-"))) -> - | N72: 58 Agacha-se e volta a ficar em pé. | P72: =IF(O72="Sim",1,IF(O72="Não",0,IF(O72="Às vezes",0.5,"-"))) -> -
B73: 55 Seguem regras em jogos de grupos dirigidos por adultos. | D73: =IF(C73="Sim",1,IF(C73="Não",0,IF(C73="Às vezes",0.5,"-"))) -> - | E73: 57 Usa os verbos "ser", "estar" e "ter" no presente com poucos erros. | G73: =IF(F73="Sim",1,IF(F73="Não",0,IF(F73="Às vezes",0.5,"-"))) -> - | H73: 55 Conta até 10 objetos, imitando um adulto. | J73: =IF(I73="Sim",1,IF(I73="Não",0,IF(I73="Às vezes",0.5,"-"))) -> - | K73: 55 Enxuga o nariz quando lembrado. | M73: =IF(L73="Sim",1,IF(L73="Não",0,IF(L73="Às vezes",0.5,"-"))) -> - | N73: 59 Empurra e puxa brinquedos ao andar. | P73: =IF(O73="Sim",1,IF(O73="Não",0,IF(O73="Às vezes",0.5,"-"))) -> -
B74: 56 Pede permissão para brincar com um brinquedo que está sendo usado por outra criança | D74: =IF(C74="Sim",1,IF(C74="Não",0,IF(C74="Às vezes",0.5,"-"))) -> - | E74: 58 Diz se os objetos estão abertos ou fechados. | G74: =IF(F74="Sim",1,IF(F74="Não",0,IF(F74="Às vezes",0.5,"-"))) -> - | H74: 56 Constrói uma ponte com 3 blocos por imitação. | J74: =IF(I74="Sim",1,IF(I74="Não",0,IF(I74="Às vezes",0.5,"-"))) -> - | K74: 56 Acorda seco 2 manhãs por semana | M74: =IF(L74="Sim",1,IF(L74="Não",0,IF(L74="Às vezes",0.5,"-"))) -> - | N74: 60 Usa cadeira ou cavalo de balanço. | P74: =IF(O74="Sim",1,IF(O74="Não",0,IF(O74="Às vezes",0.5,"-"))) -> -
B75: 57 Diz "Por favor" e "Obrigado" sem ser lembrado ½ das vezes. | D75: =IF(C75="Sim",1,IF(C75="Não",0,IF(C75="Às vezes",0.5,"-"))) -> - | E75: Total de Acertos | F75: =SUM(G45:G74) -> 0 | H75: 57 Emparelha uma sequência ou padrão (tamanho, cor) de blocos ou contas. | J75: =IF(I75="Sim",1,IF(I75="Não",0,IF(I75="Às vezes",0.5,"-"))) -> - | K75: 57 Se menino, urina no sanitário, em pé | M75: =IF(L75="Sim",1,IF(L75="Não",0,IF(L75="Às vezes",0.5,"-"))) -> - | N75: 61 Sobe escadas com ajuda. | P75: =IF(O75="Sim",1,IF(O75="Não",0,IF(O75="Às vezes",0.5,"-"))) -> -
B76: 58 Atende ao telefone, chamando um adulto e falando com pessoas familiares. | D76: =IF(C76="Sim",1,IF(C76="Não",0,IF(C76="Às vezes",0.5,"-"))) -> - | E76: Linguagem – 3 a 4 anos | H76: 58 Copia uma série de (V) interligados. | J76: =IF(I76="Sim",1,IF(I76="Não",0,IF(I76="Às vezes",0.5,"-"))) -> - | K76: 58 Veste-se e despe-se sozinho, exceto quanto à botões e fechos em 75% das vezes. | M76: =IF(L76="Sim",1,IF(L76="Não",0,IF(L76="Às vezes",0.5,"-"))) -> - | N76: 62 Dobra o corpo sem cair para apanhar objetos no chão. | P76: =IF(O76="Sim",1,IF(O76="Não",0,IF(O76="Às vezes",0.5,"-"))) -> -
B77: 59 Espera a sua vez. | D77: =IF(C77="Sim",1,IF(C77="Não",0,IF(C77="Às vezes",0.5,"-"))) -> - | E77: 59 Expressa diminutivos e aumentativos quando fala. | G77: =IF(F77="Sim",1,IF(F77="Não",0,IF(F77="Às vezes",0.5,"-"))) -> - | H77: 59 Acrescenta perna ou braço em um desenho incompleto da figura humana. | J77: =IF(I77="Sim",1,IF(I77="Não",0,IF(I77="Às vezes",0.5,"-"))) -> - | K77: 59 Fecha a roupa com fechos de pressão ou de gancho. | M77: =IF(L77="Sim",1,IF(L77="Não",0,IF(L77="Às vezes",0.5,"-"))) -> - | N77: 63 Imita um movimento circular. | P77: =IF(O77="Sim",1,IF(O77="Não",0,IF(O77="Às vezes",0.5,"-"))) -> -
B78: 60 Segue regras em jogos dirigidos por uma criança mais velha. | D78: =IF(C78="Sim",1,IF(C78="Não",0,IF(C78="Às vezes",0.5,"-"))) -> - | E78: 60 Presta atenção por 5 minutos a uma estória lida | G78: =IF(F78="Sim",1,IF(F78="Não",0,IF(F78="Às vezes",0.5,"-"))) -> - | H78: 60 Completa um quebra-cabeças de 6 peças. | J78: =IF(I78="Sim",1,IF(I78="Não",0,IF(I78="Às vezes",0.5,"-"))) -> - | K78: 60 Assoa o nariz quando lembrado. | M78: =IF(L78="Sim",1,IF(L78="Não",0,IF(L78="Às vezes",0.5,"-"))) -> - | N78: Total de Acertos | O78: =SUM(P60:P77) -> 0
B79: 61 Obedece às ordens de um adulto 75% das vezes. (3 vezes a cada 4 tentativas) | D79: =IF(C79="Sim",1,IF(C79="Não",0,IF(C79="Às vezes",0.5,"-"))) -> - | E79: 61 Obedece à sequência de 2 ordens não relacionadas. | G79: =IF(F79="Sim",1,IF(F79="Não",0,IF(F79="Às vezes",0.5,"-"))) -> - | H79: 61 Indica se os objetos são iguais ou diferentes. | J79: =IF(I79="Sim",1,IF(I79="Não",0,IF(I79="Às vezes",0.5,"-"))) -> - | K79: 61 Evita perigos corriqueiros, por ex: caco de vidro. | M79: =IF(L79="Sim",1,IF(L79="Não",0,IF(L79="Às vezes",0.5,"-"))) -> - | N79: Desenvolvimento Motor – 2 a 3 anos
B80: 62 Permanece em seu próprio quintal ou jardim | D80: =IF(C80="Sim",1,IF(C80="Não",0,IF(C80="Às vezes",0.5,"-"))) -> - | E80: 62 Diz seu nome completo quando solicitado. | G80: =IF(F80="Sim",1,IF(F80="Não",0,IF(F80="Às vezes",0.5,"-"))) -> - | H80: 62 Desenha um quadrado imitando um adulto. | J80: =IF(I80="Sim",1,IF(I80="Não",0,IF(I80="Às vezes",0.5,"-"))) -> - | K80: 62 Pendura roupa no cabide e põe no armário quando pedem. | M80: =IF(L80="Sim",1,IF(L80="Não",0,IF(L80="Às vezes",0.5,"-"))) -> - | N80: 64 Enfia 4 contas grandes em um cordão em 2 minutos. | P80: =IF(O80="Sim",1,IF(O80="Não",0,IF(O80="Às vezes",0.5,"-"))) -> -
B81: 63 Brinca perto de outras crianças conversando com elas enquanto trabalha em um projeto próprio (30 min.). | D81: =IF(C81="Sim",1,IF(C81="Não",0,IF(C81="Às vezes",0.5,"-"))) -> - | E81: 63 Responde perguntas simples envolvendo "Como". | G81: =IF(F81="Sim",1,IF(F81="Não",0,IF(F81="Às vezes",0.5,"-"))) -> - | H81: 63 Nomeia 3 cores sendo requisitado. | J81: =IF(I81="Sim",1,IF(I81="Não",0,IF(I81="Às vezes",0.5,"-"))) -> - | K81: 63 Escova os dentes quando recebe instrução. | M81: =IF(L81="Sim",1,IF(L81="Não",0,IF(L81="Às vezes",0.5,"-"))) -> - | N81: 65 Vira trincos ou maçanetas em portas. | P81: =IF(O81="Sim",1,IF(O81="Não",0,IF(O81="Às vezes",0.5,"-"))) -> -
B82: Total de Acertos | C82: =SUM(D70:D81) -> 0 | E82: 64 Emprega verbos regulares, no passado. | G82: =IF(F82="Sim",1,IF(F82="Não",0,IF(F82="Às vezes",0.5,"-"))) -> - | H82: 64 Nomeia 3 formas geométricas (quadrado, triângulo e círculo). | J82: =IF(I82="Sim",1,IF(I82="Não",0,IF(I82="Às vezes",0.5,"-"))) -> - | K82: 64 Coloca luvas. | M82: =IF(L82="Sim",1,IF(L82="Não",0,IF(L82="Às vezes",0.5,"-"))) -> - | N82: 66 Salta no mesmo local com ambos os pés. | P82: =IF(O82="Sim",1,IF(O82="Não",0,IF(O82="Às vezes",0.5,"-"))) -> -
B83: Socialização – 4 a 5 anos | E83: 65 Relata experiências imediatas. | G83: =IF(F83="Sim",1,IF(F83="Não",0,IF(F83="Às vezes",0.5,"-"))) -> - | H83: Total de Acertos | I83: =SUM(J59:J82) -> 0 | K83: 65 Desabotoa botões grandes | M83: =IF(L83="Sim",1,IF(L83="Não",0,IF(L83="Às vezes",0.5,"-"))) -> - | N83: 67 Anda de costas. | P83: =IF(O83="Sim",1,IF(O83="Não",0,IF(O83="Às vezes",0.5,"-"))) -> -
B84: 64 Pede ajuda quando está tendo dificuldades. | D84: =IF(C84="Sim",1,IF(C84="Não",0,IF(C84="Às vezes",0.5,"-"))) -> - | E84: 66 Diz como são usados objetos comuns. | G84: =IF(F84="Sim",1,IF(F84="Não",0,IF(F84="Às vezes",0.5,"-"))) -> - | H84: Cognição – 4 a 5 anos | K84: 66 Abotoa botões grandes. | M84: =IF(L84="Sim",1,IF(L84="Não",0,IF(L84="Às vezes",0.5,"-"))) -> - | N84: 68 Desce escadas sem ajuda. | P84: =IF(O84="Sim",1,IF(O84="Não",0,IF(O84="Às vezes",0.5,"-"))) -> -
B85: 65 Contribui para a conversa de adultos. | D85: =IF(C85="Sim",1,IF(C85="Não",0,IF(C85="Às vezes",0.5,"-"))) -> - | E85: 67 Expressa ações futuras empregando os verbos "ir", "ter" e "querer". | G85: =IF(F85="Sim",1,IF(F85="Não",0,IF(F85="Às vezes",0.5,"-"))) -> - | H85: 65 Apanha de 1 a 5 objetos quando solicitado. | J85: =IF(I85="Sim",1,IF(I85="Não",0,IF(I85="Às vezes",0.5,"-"))) -> - | K85: 67 Calça botas. | M85: =IF(L85="Sim",1,IF(L85="Não",0,IF(L85="Às vezes",0.5,"-"))) -> - | N85: 69 Atira uma bola a um adulto à 1 ½ de distância. | P85: =IF(O85="Sim",1,IF(O85="Não",0,IF(O85="Às vezes",0.5,"-"))) -> -
B86: 66 Repete rimas, canções ou dança para os outros. | D86: =IF(C86="Sim",1,IF(C86="Não",0,IF(C86="Às vezes",0.5,"-"))) -> - | E86: 68 Utiliza adequadamente masculino e feminino na fala. | G86: =IF(F86="Sim",1,IF(F86="Não",0,IF(F86="Às vezes",0.5,"-"))) -> - | H86: 66 Nomeia 5 texturas diferentes. | J86: =IF(I86="Sim",1,IF(I86="Não",0,IF(I86="Às vezes",0.5,"-"))) -> - | K86: Total de Acertos | L86: =SUM(M71:M85) -> 0 | N86: 70 Constrói uma torre de 5 a 6 blocos. | P86: =IF(O86="Sim",1,IF(O86="Não",0,IF(O86="Às vezes",0.5,"-"))) -> -
B87: 67 Faz uma tarefa sozinha por 20 a 30 minutos. | D87: =IF(C87="Sim",1,IF(C87="Não",0,IF(C87="Às vezes",0.5,"-"))) -> - | E87: 69 Usa formas imperativas de verbos ao pedir favores. | G87: =IF(F87="Sim",1,IF(F87="Não",0,IF(F87="Às vezes",0.5,"-"))) -> - | H87: 67 Copia um triângulo ao ser requisitado. | J87: =IF(I87="Sim",1,IF(I87="Não",0,IF(I87="Às vezes",0.5,"-"))) -> - | K87: Auto cuidados – 4 a 5 anos | N87: 71 Vira páginas de um livro, uma por vez. | P87: =IF(O87="Sim",1,IF(O87="Não",0,IF(O87="Às vezes",0.5,"-"))) -> -
B88: 68 Pede desculpas sem ser lembrado 75% das vezes. | D88: =IF(C88="Sim",1,IF(C88="Não",0,IF(C88="Às vezes",0.5,"-"))) -> - | E88: 70 Conta 2 fatos na ordem de ocorrência. | G88: =IF(F88="Sim",1,IF(F88="Não",0,IF(F88="Às vezes",0.5,"-"))) -> - | H88: 68 Recorda-se de 4 objetos que haviam sido vistos em uma figura. | J88: =IF(I88="Sim",1,IF(I88="Não",0,IF(I88="Às vezes",0.5,"-"))) -> - | K88: 68 Limpa o que derramou por conta própria. | M88: =IF(L88="Sim",1,IF(L88="Não",0,IF(L88="Às vezes",0.5,"-"))) -> - | N88: 72 Desembrulha um pequeno objeto. | P88: =IF(O88="Sim",1,IF(O88="Não",0,IF(O88="Às vezes",0.5,"-"))) -> -
B89: 69 Espera sua vez em brincadeiras que envolvam de 8 a 9 crianças. | D89: =IF(C89="Sim",1,IF(C89="Não",0,IF(C89="Às vezes",0.5,"-"))) -> - | E89: Total de Acertos | F89: =SUM(G77:G88) -> 0 | H89: 69 Diz o momento do dia associado a cada atividade. | J89: =IF(I89="Sim",1,IF(I89="Não",0,IF(I89="Às vezes",0.5,"-"))) -> - | K89: 69 Evita veneno e todas as substâncias prejudiciais. | M89: =IF(L89="Sim",1,IF(L89="Não",0,IF(L89="Às vezes",0.5,"-"))) -> - | N89: 73 Dobra um papel ao meio, imitando um adulto. | P89: =IF(O89="Sim",1,IF(O89="Não",0,IF(O89="Às vezes",0.5,"-"))) -> -
B90: 70 Brinca com 2 a 3 crianças por 20 min. em uma atividade que envolva cooperação. | D90: =IF(C90="Sim",1,IF(C90="Não",0,IF(C90="Às vezes",0.5,"-"))) -> - | E90: Linguagem – 4 a 5 anos | H90: 70 Repete rimas familiares. | J90: =IF(I90="Sim",1,IF(I90="Não",0,IF(I90="Às vezes",0.5,"-"))) -> - | K90: 70 Desabotoa sua roupa. | M90: =IF(L90="Sim",1,IF(L90="Não",0,IF(L90="Às vezes",0.5,"-"))) -> - | N90: 74 Desmancha e reconstrói brinquedos de encaixe por pressão. | P90: =IF(O90="Sim",1,IF(O90="Não",0,IF(O90="Às vezes",0.5,"-"))) -> -
B91: 71 Quando em público, apresenta um comportamento socialmente aceitável. | D91: =IF(C91="Sim",1,IF(C91="Não",0,IF(C91="Às vezes",0.5,"-"))) -> - | E91: 71 Obedece a uma sequência envolvendo 3 ordens. | G91: =IF(F91="Sim",1,IF(F91="Não",0,IF(F91="Às vezes",0.5,"-"))) -> - | H91: 71 Diz se um objeto é mais pesado ou mais leve (objetos com diferença de 0,5 quilo). | J91: =IF(I91="Sim",1,IF(I91="Não",0,IF(I91="Às vezes",0.5,"-"))) -> - | K91: 71 Abotoa sua roupa. | M91: =IF(L91="Sim",1,IF(L91="Não",0,IF(L91="Às vezes",0.5,"-"))) -> - | N91: 75 Desenrosca brinquedos que se encaixam por roscas. | P91: =IF(O91="Sim",1,IF(O91="Não",0,IF(O91="Às vezes",0.5,"-"))) -> -
B92: 72 Pede permissão para usar objetos dos outros em 75% das vezes. | D92: =IF(C92="Sim",1,IF(C92="Não",0,IF(C92="Às vezes",0.5,"-"))) -> - | E92: 72 Demonstra compreensão de verbos reflexivos, usando-os ocasionalmente (ex. ele se machucou). | G92: =IF(F92="Sim",1,IF(F92="Não",0,IF(F92="Às vezes",0.5,"-"))) -> - | H92: 72 Diz o que está faltando quando um objeto é retirado de um grupo de 3 objetos. | J92: =IF(I92="Sim",1,IF(I92="Não",0,IF(I92="Às vezes",0.5,"-"))) -> - | K92: 72 Retira prato e talheres da mesa. | M92: =IF(L92="Sim",1,IF(L92="Não",0,IF(L92="Às vezes",0.5,"-"))) -> - | N92: 76 Chuta uma bola grande que está imóvel. | P92: =IF(O92="Sim",1,IF(O92="Não",0,IF(O92="Às vezes",0.5,"-"))) -> -
B93: Total de Acertos | C93: =SUM(D84:D92) -> 0 | E93: 73 Consegue identificar objetos / figuras que formem par, sob solicitação. | G93: =IF(F93="Sim",1,IF(F93="Não",0,IF(F93="Às vezes",0.5,"-"))) -> - | H93: 73 Nomeia 8 cores. | J93: =IF(I93="Sim",1,IF(I93="Não",0,IF(I93="Às vezes",0.5,"-"))) -> - | K93: 73 Encaixa fecho em sua terminação. | M93: =IF(L93="Sim",1,IF(L93="Não",0,IF(L93="Às vezes",0.5,"-"))) -> - | N93: 77 Faz bolas de argila, barro ou massinha. | P93: =IF(O93="Sim",1,IF(O93="Não",0,IF(O93="Às vezes",0.5,"-"))) -> -
B94: Socialização – 5 a 6 anos | E94: 74 Emprega o futuro ao falar. | G94: =IF(F94="Sim",1,IF(F94="Não",0,IF(F94="Às vezes",0.5,"-"))) -> - | H94: 74 Identifica o valor de 3 moedas. | J94: =IF(I94="Sim",1,IF(I94="Não",0,IF(I94="Às vezes",0.5,"-"))) -> - | K94: 74 Lava as mãos e o rosto. | M94: =IF(L94="Sim",1,IF(L94="Não",0,IF(L94="Às vezes",0.5,"-"))) -> - | N94: 78 Segura o lápis entre o polegar e o indicador, apoiando-o sobre o dedo médio. | P94: =IF(O94="Sim",1,IF(O94="Não",0,IF(O94="Às vezes",0.5,"-"))) -> -
B95: 73 Manifesta seus sentimentos | D95: =IF(C95="Sim",1,IF(C95="Não",0,IF(C95="Às vezes",0.5,"-"))) -> - | E95: 75 Usa orações compostas por coordenação. | G95: =IF(F95="Sim",1,IF(F95="Não",0,IF(F95="Às vezes",0.5,"-"))) -> - | H95: 75 Emparelha símbolos (letras e números). | J95: =IF(I95="Sim",1,IF(I95="Não",0,IF(I95="Às vezes",0.5,"-"))) -> - | K95: 75 Usa talher apropriado para alimentar-se. | M95: =IF(L95="Sim",1,IF(L95="Não",0,IF(L95="Às vezes",0.5,"-"))) -> - | N95: 79 Dá cambalhota para frente com ajuda. | P95: =IF(O95="Sim",1,IF(O95="Não",0,IF(O95="Às vezes",0.5,"-"))) -> -
B96: 74 Brinca com 4 a 5 crianças em atividade de cooperação por 20 minutos, sem supervisão. | D96: =IF(C96="Sim",1,IF(C96="Não",0,IF(C96="Às vezes",0.5,"-"))) -> - | E96: 76 Consegue identificar a parte de cima e de baixo de objetos, quando solicitado. | G96: =IF(F96="Sim",1,IF(F96="Não",0,IF(F96="Às vezes",0.5,"-"))) -> - | H96: 76 Diz a cor de objetos nomeados. | J96: =IF(I96="Sim",1,IF(I96="Não",0,IF(I96="Às vezes",0.5,"-"))) -> - | K96: 76 Acorda de noite para ir ao banheiro, ou acorda seco. | M96: =IF(L96="Sim",1,IF(L96="Não",0,IF(L96="Às vezes",0.5,"-"))) -> - | N96: 80 Dá marteladas para encaixar 5 pinos em seus orifícios. | P96: =IF(O96="Sim",1,IF(O96="Não",0,IF(O96="Às vezes",0.5,"-"))) -> -
B97: 75 Explica aos outros as regras do jogo ou atividade. | D97: =IF(C97="Sim",1,IF(C97="Não",0,IF(C97="Às vezes",0.5,"-"))) -> - | E97: 77 Emprega ocasionalmente o condicional ao falar (poderia, pudesse, iria, seria, faria). | G97: =IF(F97="Sim",1,IF(F97="Não",0,IF(F97="Às vezes",0.5,"-"))) -> - | H97: 77 Relata 5 principais fatos de uma história contada 3x. | J97: =IF(I97="Sim",1,IF(I97="Não",0,IF(I97="Às vezes",0.5,"-"))) -> - | K97: 77 Limpa e assua o nariz em 75% das vezes sem ser lembrado | M97: =IF(L97="Sim",1,IF(L97="Não",0,IF(L97="Às vezes",0.5,"-"))) -> - | N97: Total de Acertos | O97: =SUM(P80:P96) -> 0
B98: 76 Imita papéis de adulto. | D98: =IF(C98="Sim",1,IF(C98="Não",0,IF(C98="Às vezes",0.5,"-"))) -> - | E98: 78 Consegue identificar absurdos em figuras. | G98: =IF(F98="Sim",1,IF(F98="Não",0,IF(F98="Às vezes",0.5,"-"))) -> - | H98: 78 Desenha figura humana (cabeça, tronco e 4 membros) | J98: =IF(I98="Sim",1,IF(I98="Não",0,IF(I98="Às vezes",0.5,"-"))) -> - | K98: 78 Toma banho só, precisando de ajuda apenas para lavar as costas, pescoço e orelhas. | M98: =IF(L98="Sim",1,IF(L98="Não",0,IF(L98="Às vezes",0.5,"-"))) -> - | N98: Desenvolvimento Motor – 3 a 4 ano
B99: 77 Colabora para a conversa durante as refeições. | D99: =IF(C99="Sim",1,IF(C99="Não",0,IF(C99="Às vezes",0.5,"-"))) -> - | E99: 79 Emprega as seguintes palavras: irmã(o), avó, avô. | G99: =IF(F99="Sim",1,IF(F99="Não",0,IF(F99="Às vezes",0.5,"-"))) -> - | H99: 79 Canta 5 estrofes de uma canção. | J99: =IF(I99="Sim",1,IF(I99="Não",0,IF(I99="Às vezes",0.5,"-"))) -> - | K99: 79 Usa faca para espalhar manteiga no pão. | M99: =IF(L99="Sim",1,IF(L99="Não",0,IF(L99="Às vezes",0.5,"-"))) -> - | N99: 81 Faz um quebra cabeça de 3 peças. | P99: =IF(O99="Sim",1,IF(O99="Não",0,IF(O99="Às vezes",0.5,"-"))) -> -
B100: 78 Segue regras de jogo que envolva raciocínio verbal. | D100: =IF(C100="Sim",1,IF(C100="Não",0,IF(C100="Às vezes",0.5,"-"))) -> - | E100: 80 Completa frases com antônimos. | G100: =IF(F100="Sim",1,IF(F100="Não",0,IF(F100="Às vezes",0.5,"-"))) -> - | H100: 80 Constrói uma pirâmide de 10 blocos por imitação. | J100: =IF(I100="Sim",1,IF(I100="Não",0,IF(I100="Às vezes",0.5,"-"))) -> - | K100: 80 Aperta e afrouxa cintos ou fivelas. | M100: =IF(L100="Sim",1,IF(L100="Não",0,IF(L100="Às vezes",0.5,"-"))) -> - | N100: 82 Corta algo em pedaços com tesoura. | P100: =IF(O100="Sim",1,IF(O100="Não",0,IF(O100="Às vezes",0.5,"-"))) -> -
B101: 79 Conforta colegas quando estes estão tristes. | D101: =IF(C101="Sim",1,IF(C101="Não",0,IF(C101="Às vezes",0.5,"-"))) -> - | E101: 81 Relata uma estória conhecida sem ajuda de figuras. | G101: =IF(F101="Sim",1,IF(F101="Não",0,IF(F101="Às vezes",0.5,"-"))) -> - | H101: 81 Nomeia objetos como sendo compridos ou curtos. | J101: =IF(I101="Sim",1,IF(I101="Não",0,IF(I101="Às vezes",0.5,"-"))) -> - | K101: 81 Veste-se sozinho, mas não dá laços. | M101: =IF(L101="Sim",1,IF(L101="Não",0,IF(L101="Às vezes",0.5,"-"))) -> - | N101: 83 Pula de uma altura de 20 cm | P101: =IF(O101="Sim",1,IF(O101="Não",0,IF(O101="Às vezes",0.5,"-"))) -> -
B102: 80 Escolhe seus próprios amigos. | D102: =IF(C102="Sim",1,IF(C102="Não",0,IF(C102="Às vezes",0.5,"-"))) -> - | E102: 82 Em uma figura, nomeia o objeto que não pertence a uma determinada categoria. | G102: =IF(F102="Sim",1,IF(F102="Não",0,IF(F102="Às vezes",0.5,"-"))) -> - | H102: 82 Coloca objetos "atrás", "ao lado" ou "junto" a outros. | J102: =IF(I102="Sim",1,IF(I102="Não",0,IF(I102="Às vezes",0.5,"-"))) -> - | K102: 82 Serve-se à mesa enquanto seguram a travessa de comida. | M102: =IF(L102="Sim",1,IF(L102="Não",0,IF(L102="Às vezes",0.5,"-"))) -> - | N102: 84 Chuta uma bola grande quando enviada para si. | P102: =IF(O102="Sim",1,IF(O102="Não",0,IF(O102="Às vezes",0.5,"-"))) -> -
B103: 81 Planeja e constrói, usando ferramentas simples. | D103: =IF(C103="Sim",1,IF(C103="Não",0,IF(C103="Às vezes",0.5,"-"))) -> - | E103: 83 Diz se duas palavras rimam ou não. | G103: =IF(F103="Sim",1,IF(F103="Não",0,IF(F103="Às vezes",0.5,"-"))) -> - | H103: 83 Faz conjuntos iguais de 10 objetos, segundo modelo. | J103: =IF(I103="Sim",1,IF(I103="Não",0,IF(I103="Às vezes",0.5,"-"))) -> - | K103: 83 Ajuda a pôr a mesa corretamente quando recebe instruções. | M103: =IF(L103="Sim",1,IF(L103="Não",0,IF(L103="Às vezes",0.5,"-"))) -> - | N103: 85 Anda na ponta dos pés. | P103: =IF(O103="Sim",1,IF(O103="Não",0,IF(O103="Às vezes",0.5,"-"))) -> -
...

Sheet CÁLCULOS E GRÁF AV3
B2: GUIA PORTAGE DE EDUCAÇÃO PRÉ-ESCOLAR
B5: IDADE DE DESENVOLVIMENTO DA CRIANÇA | C5: =((E31+K31+E41+K41+E51)/12)/6 -> 0.0089285714
B7: IDADE DA CRIANÇA POR ÁREA
B8: =B17 -> SOCIALIZAÇÃO | C8: =E32 -> 0.053571429
B9: =B18 -> LINGUAGEM | C9: =K32 -> 0
B10: =B19 -> COGNIÇÃO | C10: =E42 -> 0
B11: =B20 -> AUTOCUIDADOS | C11: =K42 -> 0
B12: =B21 -> DESENVOLVIMENTO MOTOR | C12: =E52 -> 0
B14: * As tabelas e gráficos abaixo são automáticos, não sendo necessário o preenchimento
C15: % Acertos por faixa etária
B16: ÁREA DE DESENVOLVIMENTO | C16: 0 - 1 ano | D16: 1 - 2 anos | E16: 2 - 3 anos | F16: 3 - 4 anos | G16: 4 - 5 anos | H16: 5 - 6 anos | I16: % Acertos Total
B17: =B24 -> SOCIALIZAÇÃO | C17: =F25 -> 0.053571429 | D17: =F26 -> 0 | E17: =F27 -> 0 | F17: =F28 -> 0 | G17: =F29 -> 0 | H17: =F30 -> 0 | I17: =F31 -> 0.018072289
B18: =H24 -> LINGUAGEM | C18: =L25 -> 0 | D18: =L26 -> 0 | E18: =L27 -> 0 | F18: =L28 -> 0 | G18: =L29 -> 0 | H18: =L30 -> 0 | I18: =L31 -> 0
B19: =B34 -> COGNIÇÃO | C19: =F35 -> 0 | D19: =F36 -> 0 | E19: =F37 -> 0 | F19: =F38 -> 0 | G19: =F39 -> 0 | H19: =F40 -> 0 | I19: =F41 -> 0
B20: =H34 -> AUTOCUIDADOS | C20: =L35 -> 0 | D20: =L36 -> 0 | E20: =L37 -> 0 | F20: =L38 -> 0 | G20: =L39 -> 0 | H20: =L40 -> 0 | I20: =L41 -> 0
B21: =B44 -> DESENVOLVIMENTO MOTOR | C21: =F45 -> 0 | D21: =F46 -> 0 | E21: =F47 -> 0 | F21: =F48 -> 0 | G21: =F49 -> 0 | H21: =F50 -> 0 | I21: =F51 -> 0
B24: SOCIALIZAÇÃO | C24: Pontuação (Acertos) | D24: Pontuação Esperada | E24: Idade | F24: % Acertos | H24: LINGUAGEM | I24: Pontuação (Acertos) | J24: Pontuação Esperada | K24: Idade | L24: % Acertos
B25: ='AV 1'!B12 -> Socialização - 0 a 1 ano | C25: ='AV 3'!C41 -> 1.5 | D25: 28 | E25: =(C25*12)/D25 -> 0.64285714 | F25: =C25/D25 -> 0.053571429 | H25: ='AV 1'!E12 -> Linguagem – 0 a 1 anos | I25: ='AV 3'!F23 -> 0 | J25: 10 | K25: =(I25*12)/J25 -> 0 | L25: =I25/J25 -> 0
B26: ='AV 1'!B42 -> Socialização – 1 a 2 anos | C26: ='AV 3'!C58 -> 0 | D26: 15 | E26: =(C26*12)/D26 -> 0 | F26: =C26/D26 -> 0 | H26: ='AV 1'!E24 -> Linguagem – 1 a 2 anos | I26: ='AV 3'!F43 -> 0 | J26: 18 | K26: =(I26*12)/J26 -> 0 | L26: =I26/J26 -> 0
B27: ='AV 1'!B59 -> Socialização – 2 a 3 anos | C27: ='AV 3'!C68 -> 0 | D27: 8 | E27: =(C27*12)/D27 -> 0 | F27: =C27/D27 -> 0 | H27: ='AV 1'!E44 -> Linguagem – 2 a 3 anos | I27: ='AV 3'!F75 -> 0 | J27: 30 | K27: =(I27*12)/J27 -> 0 | L27: =I27/J27 -> 0
B28: ='AV 1'!B69 -> Socialização – 3 a 4 anos | C28: ='AV 3'!C82 -> 0 | D28: 12 | E28: =(C28*12)/D28 -> 0 | F28: =C28/D28 -> 0 | H28: ='AV 1'!E76 -> Linguagem – 3 a 4 anos | I28: ='AV 3'!F89 -> 0 | J28: 12 | K28: =(I28*12)/J28 -> 0 | L28: =I28/J28 -> 0
B29: ='AV 1'!B83 -> Socialização – 4 a 5 anos | C29: ='AV 3'!C93 -> 0 | D29: 9 | E29: =(C29*12)/D29 -> 0 | F29: =C29/D29 -> 0 | H29: ='AV 1'!E90 -> Linguagem – 4 a 5 anos | I29: ='AV 3'!F106 -> 0 | J29: 15 | K29: =(I29*12)/J29 -> 0 | L29: =I29/J29 -> 0
B30: ='AV 1'!B94 -> Socialização – 5 a 6 anos | C30: ='AV 3'!C106 -> 0 | D30: 11 | E30: =(C30*12)/D30 -> 0 | F30: =C30/D30 -> 0 | H30: ='AV 1'!E107 -> Linguagem – 5 a 6 anos | I30: ='AV 3'!F122 -> 0 | J30: 14 | K30: =(I30*12)/J30 -> 0 | L30: =I30/J30 -> 0
B31: TOTAL | C31: =SUM(C25:C30) -> 1.5 | D31: =SUM(D25:D30) -> 83 | E31: =SUM(E25:E30) -> 0.64285714 | F31: =C31/D31 -> 0.018072289 | H31: TOTAL | I31: =SUM(I25:I30) -> 0 | J31: =SUM(J25:J30) -> 99 | K31: =SUM(K25:K30) -> 0 | L31: =I31/J31 -> 0
